Date,Accident_Index_x,Location_Easting_OSGR,Location_Northing_OSGR,Longitude,Latitude,Police_Force,Accident_Severity,Number_of_Vehicles,Number_of_Casualties,Day_of_Week,Time,Local_Authority_(District),Local_Authority_(Highway),1st_Road_Class,1st_Road_Number,Road_Type,Speed_limit,Junction_Detail,Junction_Control,2nd_Road_Class,2nd_Road_Number,Pedestrian_Crossing-Human_Control,Pedestrian_Crossing-Physical_Facilities,Light_Conditions,Weather_Conditions,Road_Surface_Conditions,Special_Conditions_at_Site,Carriageway_Hazards,Urban_or_Rural_Area,Did_Police_Officer_Attend_Scene_of_Accident,LSOA_of_Accident_Location,Accident_Index_y,Vehicle_Reference,Casualty_Reference,Casualty_Class,Sex_of_Casualty,Age_of_Casualty,Age_Band_of_Casualty,Casualty_Severity,Pedestrian_Location,Pedestrian_Movement,Car_Passenger,Bus_or_Coach_Passenger,Pedestrian_Road_Maintenance_Worker,Casualty_Type,Casualty_Home_Area_Type,city
2015-01-22,201522F500301,360270.0,268900.0,-2.584259,52.316758,22,1,2,2,5,17:20,286,E06000051,3,456,6,60,0,-1,-1,0,0,0,6,1,1,0,0,2,1,E01028995,2012130348270,1,1,2,2,44,7,3,0,0,2,0,0,9,1,Malvern Hills
2015-01-22,201522C500341,385580.0,255010.0,-2.21237,52.193137,22,3,1,1,5,18:54,276,E10000034,6,0,6,30,9,4,6,0,0,0,4,1,2,0,0,1,1,E01033249,2012130254072,1,1,1,2,28,6,3,0,0,0,0,0,9,1,Worcester
2015-01-22,201501CW10143,528470.0,178190.0,-0.151044,51.488074,1,3,2,1,5,08:05,1,E09000033,4,313,6,30,3,4,6,0,0,0,1,1,1,0,0,1,2,E01004667,201197UA00508,1,1,1,1,11,3,3,0,0,0,0,0,1,1,City of Westminster
2015-01-22,2015471500448,534684.0,125320.0,-0.081475,51.0115,47,3,2,1,5,11:00,563,E10000032,4,2028,6,30,0,-1,-1,0,0,0,1,1,1,0,0,1,2,E01031773,201234WN11342,1,3,1,1,61,9,3,0,0,0,0,0,9,1,Mid Sussex
2015-01-22,2015621500160,312996.0,168474.0,-3.252303,51.408591,62,3,2,1,5,16:52,746,W06000014,6,0,6,30,3,4,6,0,0,0,4,2,2,0,0,1,1,W01001073,201242I263208,2,1,1,1,61,9,2,0,0,0,0,0,1,1,
2015-01-22,2015521500911,345221.0,174428.0,-2.789967,51.466157,52,3,2,1,5,08:50,605,E06000024,6,0,6,50,3,4,4,3124,0,0,1,1,2,0,0,2,1,E01032680,2012400CA0190,2,1,1,2,28,6,3,0,0,0,0,0,9,1,
2015-01-22,201501FH10094,524870.0,177790.0,-0.203008,51.485285,1,3,1,1,5,19:03,11,E09000013,3,3218,6,30,0,-1,-1,0,0,0,4,1,1,0,0,1,1,E01001909,201201CW11047,1,2,3,2,44,7,3,5,1,0,0,2,0,1,London
2015-01-22,2015300011851,437900.0,329440.0,-1.438521,52.861119,30,3,2,2,5,07:57,328,E10000007,3,514,6,60,1,4,3,50,0,0,1,2,2,0,0,2,1,E01019834,2012130497615,2,1,1,1,50,8,3,0,0,0,0,0,1,1,South Derbyshire
2015-01-22,2015300011825,445010.0,356780.0,-1.32913,53.106321,30,2,2,3,5,17:07,321,E10000007,5,127,6,30,0,-1,-1,0,0,0,4,1,2,0,0,2,1,E01019513,2012130496920,1,2,3,1,47,8,2,5,3,0,0,0,0,1,Bolsover
2015-01-22,2015300011823,438570.0,368070.0,-1.423963,53.208304,30,2,2,2,5,11:20,327,E10000007,3,61,6,50,8,4,6,0,0,0,1,8,4,0,0,1,2,E01019831,2012130496920,1,1,3,1,52,8,2,5,3,0,0,0,0,1,North East Derbyshire
2015-01-22,2015300011814,438980.0,378850.0,-1.416508,53.305168,30,3,2,1,5,07:35,327,E10000007,4,6056,6,50,0,-1,-1,0,0,0,1,8,2,0,0,2,1,E01019816,2012130496854,1,1,1,1,16,4,2,0,0,0,0,0,2,1,North East Derbyshire
2015-01-22,201522D500319,384160.0,277250.0,-2.234196,52.393039,22,3,4,2,5,17:05,278,E10000034,3,449,6,30,0,-1,-1,0,0,0,4,1,2,0,0,1,1,E01032446,2012130296287,1,1,1,1,37,7,3,0,0,0,0,0,9,1,Wyre Forest
2015-01-22,201522D500321,384080.0,277110.0,-2.235365,52.391778,22,3,2,1,5,14:45,278,E10000034,3,456,6,30,3,4,6,0,0,0,1,1,1,0,0,1,1,E01032446,2012130296438,2,1,1,1,33,6,2,0,0,0,0,0,1,1,Wyre Forest
2015-01-22,201522D500384,403470.0,274040.0,-1.950465,52.364403,22,3,2,3,5,05:15,270,E10000034,3,441,6,60,0,-1,-1,0,0,0,6,1,2,0,0,2,1,E01032122,2012130296623,1,1,1,1,38,7,3,0,0,0,0,0,1,1,
2015-01-22,2015610007715,319877.0,208130.0,-3.162458,51.766093,61,2,1,1,5,06:05,730,W06000019,3,467,1,30,1,4,6,0,0,0,4,7,2,0,0,1,1,W01001443,201242I203706,1,1,1,1,41,7,3,0,0,0,0,0,9,2,
2015-01-22,201506J096780,386610.0,388700.0,-2.202823,53.394959,6,3,2,2,5,08:38,109,E08000007,5,0,6,30,3,4,6,0,0,0,1,1,1,0,0,1,1,E01005778,201204BC12042,2,3,2,2,81,11,3,0,0,0,4,0,11,1,
2015-01-22,201550EL2E002,248460.0,58410.0,-4.133894,50.405971,50,3,3,1,5,17:52,583,E06000026,3,386,3,40,0,-1,-1,0,0,0,4,1,2,0,0,1,1,E01015071,2012370017712,1,1,3,1,31,6,3,8,1,0,0,0,0,-1,Plymouth
2015-01-22,20154100J0039,512660.0,196390.0,-0.372819,51.655019,41,3,2,1,5,13:10,33,E10000015,4,462,1,30,1,4,6,1256,0,8,1,1,2,0,0,1,1,E01023553,2012212003011,2,1,1,1,37,7,3,0,0,0,0,0,9,1,Hertsmere
2015-01-22,201543P175015,468417.0,179108.0,-1.015609,51.506771,43,1,2,3,5,08:06,484,E10000025,3,4074,6,50,0,-1,-1,0,0,0,1,1,4,0,0,2,1,E01028659,2012231061312,1,3,2,1,19,4,3,0,0,2,0,0,8,3,South Oxfordshire
2015-01-22,2015331500092,452574.0,306840.0,-1.224206,52.656745,33,3,2,1,5,06:50,361,E10000018,6,4402,6,30,3,4,6,4458,0,0,4,2,2,0,0,1,2,E01025846,2012160C00341,1,4,2,1,32,6,3,0,0,0,0,0,20,1,Hinckley and Bosworth
2015-01-22,2015051500228,338465.0,394459.0,-2.92789,53.443291,5,2,1,1,5,07:30,91,E08000012,6,0,6,30,6,2,6,0,0,0,4,1,4,0,0,1,1,E01033759,201201ZD30768,1,1,1,1,18,4,3,0,0,0,0,0,9,1,Liverpool
2015-01-22,201506F096494,373300.0,395440.0,-2.403548,53.455032,6,3,1,1,5,08:10,107,E08000006,4,5320,6,30,3,4,6,0,0,0,1,1,2,0,0,1,1,E01005640,201204BA12066,1,2,3,2,22,5,2,4,3,0,0,0,0,-1,Salford
2015-01-22,2015051500229,340916.0,389004.0,-2.88997,53.394546,5,3,2,1,5,08:20,91,E08000012,6,0,6,30,3,4,3,5058,0,0,1,1,2,0,0,1,1,E01006583,201201ZD30769,1,1,3,2,-1,-1,3,10,9,0,0,2,0,1,Liverpool
2015-01-22,2015051500230,327949.0,389535.0,-3.085054,53.397705,5,3,2,3,5,10:30,95,E08000015,6,0,6,30,3,4,6,0,0,0,1,1,1,0,0,2,1,E01007124,201201ZD30770,1,1,3,2,85,11,3,5,1,0,0,2,0,1,
2015-01-22,2015051500234,334847.0,390202.0,-2.981469,53.404597,5,3,1,1,5,23:10,91,E08000012,6,0,6,30,0,-1,-1,0,0,5,4,1,1,0,0,1,1,E01033756,201201ZD30773,1,1,1,1,35,6,3,0,0,0,0,0,9,1,Liverpool
2015-01-22,2015051500235,338566.0,385970.0,-2.924713,53.367009,5,3,2,1,5,10:18,91,E08000012,3,561,3,40,6,2,6,0,0,0,1,1,1,0,0,1,1,E01006519,201201ZD30774,2,1,1,1,30,6,3,0,0,0,0,0,1,1,Liverpool
2015-01-22,201514B007515,440331.0,403279.0,-1.393119,53.524636,14,3,2,4,5,21:45,210,E08000016,4,6096,6,30,3,4,6,0,0,0,4,1,2,0,0,1,1,E01007449,2012070171055,2,2,1,1,38,7,3,0,0,0,0,0,9,1,
2015-01-22,201504WB15050,341690.0,461720.0,-2.89206,54.04813,4,3,1,1,5,16:00,76,E10000017,3,589,6,30,3,4,6,0,0,0,1,1,1,0,0,1,1,E01025122,201201YR90711,1,1,1,1,20,4,3,0,0,0,0,0,9,1,Lancaster
2015-01-22,201514B007615,436699.0,407911.0,-1.44736,53.566533,14,3,2,1,5,20:30,210,E08000016,5,435,3,30,3,4,6,0,0,0,4,1,1,0,0,1,2,E01007404,2012070171245,2,1,1,1,20,4,3,0,0,0,0,0,9,1,
2015-01-22,2015051500239,341222.0,387402.0,-2.88507,53.380182,5,3,3,5,5,18:10,91,E08000012,6,0,6,20,0,-1,-1,0,0,0,4,1,1,0,0,1,1,E01006796,201201ZD30775,1,1,1,1,45,7,3,0,0,0,0,0,4,1,Liverpool
2015-01-22,2015100038115,424185.0,571315.0,-1.623132,55.03577,10,3,1,1,5,23:34,147,E08000021,4,1318,1,30,1,4,6,0,0,0,4,1,4,0,0,2,1,E01033551,201205AA01679,1,1,1,1,37,7,3,0,0,0,0,0,9,1,Newcastle upon Tyne
2015-01-22,2015331500105,444737.0,301067.0,-1.340836,52.605552,33,3,2,1,5,16:27,361,E10000018,5,5101,6,60,0,-1,-1,0,0,0,6,1,2,7,0,2,1,E01025873,2012160C00421,1,2,2,1,19,4,3,0,0,1,0,0,9,2,Hinckley and Bosworth
2015-01-22,201504WB15022,347900.0,461590.0,-2.797203,54.047628,4,3,2,3,5,11:10,76,E10000017,6,0,6,20,3,4,6,0,0,0,1,1,1,0,0,1,1,E01033071,201201YR90687,2,2,1,1,36,7,3,0,0,0,0,0,9,1,Lancaster
2015-01-22,2015331500106,435644.0,316760.0,-1.473405,52.747291,33,3,1,1,5,12:45,366,E10000018,5,7122,6,30,0,-1,-1,0,0,4,1,1,1,0,0,1,1,E01025916,2012160C00441,2,1,1,1,48,8,3,0,0,0,0,0,1,2,North West Leicestershire
2015-01-22,201501VK30024,520270.0,168490.0,-0.272382,51.402698,1,3,2,1,5,08:00,23,E09000021,3,2043,6,30,3,4,6,0,0,0,1,1,1,0,0,1,2,E01002932,201201RY10349,1,1,1,2,27,6,3,0,0,0,0,0,9,1,London
2015-01-22,2015621500165,318498.0,176703.0,-3.175114,51.483385,62,2,1,1,5,15:18,741,W06000015,6,0,6,30,3,2,6,0,0,5,1,1,1,0,0,1,1,W01001939,201242I263708,2,1,1,2,81,11,3,0,0,0,0,0,9,1,Cardiff
2015-01-22,2015521501974,363902.0,174417.0,-2.521057,51.467562,52,3,2,1,5,08:30,601,E06000023,6,0,6,30,6,4,6,0,0,0,1,1,1,0,0,1,1,E01014627,2012400CA0670,1,1,1,1,41,7,3,0,0,0,0,0,5,1,Bristol
2015-01-22,201520H000895,400380.0,298340.0,-1.995824,52.582869,20,3,1,1,5,12:15,307,E08000030,3,4148,6,30,8,4,6,0,0,0,1,1,1,0,0,1,2,E01010363,201211NF26532,1,1,1,1,35,6,3,0,0,0,0,0,9,1,
2015-01-22,201501QA10032,517430.0,191860.0,-0.305416,51.613331,1,3,2,1,5,08:50,29,E09000015,3,4140,6,30,3,4,5,0,0,0,1,1,1,4,0,1,2,E01002229,201201MM70250,1,1,1,1,41,7,3,0,0,0,0,0,9,1,London
2015-01-22,2015521500572,359409.0,173236.0,-2.585599,51.456638,52,3,1,1,5,08:50,601,E06000023,6,0,6,20,0,-1,-1,0,0,0,1,1,1,0,0,1,2,E01033342,2012400CA0058,2,1,2,2,27,6,3,0,0,2,0,0,9,1,Bristol
2015-01-22,2015621500183,309998.0,168686.0,-3.29545,51.410028,62,2,2,1,5,05:36,746,W06000014,3,4226,6,40,0,-1,-1,0,0,0,4,1,2,0,0,1,1,W01001098,201242I264908,1,1,1,1,50,8,2,0,0,0,0,0,3,1,
2015-01-22,201520M003935,432280.0,278250.0,-1.526976,52.401316,20,3,2,2,5,10:50,302,E08000026,6,0,6,30,6,4,6,0,0,0,1,1,1,0,0,1,1,E01009553,2012120013770,1,1,1,2,21,5,3,0,0,0,0,0,9,3,Coventry
2015-01-22,201504SA15035,355580.0,428310.0,-2.675078,53.749256,4,3,2,2,5,06:53,79,E10000017,3,6,3,30,3,2,6,0,0,5,4,1,2,0,0,1,1,E01025457,201201XH30805,1,3,2,1,-1,-1,3,0,0,2,0,0,9,1,South Ribble
2015-01-22,201520H001655,397940.0,296820.0,-2.031825,52.569201,20,3,2,1,5,15:15,307,E08000030,6,0,6,30,3,4,6,0,0,0,1,1,1,0,0,1,1,E01010263,201211NG00442,1,1,1,1,73,10,3,0,0,0,0,0,9,1,
2015-01-22,201543P195015,426652.0,196853.0,-1.616011,51.669824,43,3,2,1,5,12:50,483,E10000025,3,417,6,60,8,4,6,0,0,0,1,1,2,0,0,2,1,E01028715,2012231096812,1,1,1,2,19,4,3,0,0,0,0,0,9,1,Vale of White Horse
2015-01-22,201501KD50044,551420.0,188410.0,0.183656,51.574226,1,3,1,1,5,12:17,15,E09000016,5,0,6,30,6,2,5,0,0,5,1,1,1,0,0,1,1,E01002356,201201HT20150,2,1,1,2,36,7,3,0,0,0,0,0,9,-1,London
2015-01-22,201501QA10068,515550.0,193650.0,-0.331965,51.629807,1,3,2,2,5,16:15,29,E09000015,3,4140,6,30,3,4,6,0,0,0,1,1,2,0,0,2,1,E01002225,201201MM70272,2,2,1,1,35,6,3,0,0,0,0,0,1,1,London
2015-01-22,201501VK30016,518430.0,169320.0,-0.298544,51.410544,1,3,2,1,5,22:04,23,E09000021,3,308,6,30,0,-1,-1,0,0,0,4,1,1,0,0,1,2,E01002968,201201RY10340,1,1,1,2,31,6,3,0,0,0,0,0,9,1,London
2015-01-22,201520H001745,404350.0,302830.0,-1.937175,52.623217,20,3,2,1,5,05:50,307,E08000030,3,461,6,30,3,4,6,0,0,0,4,9,1,0,0,1,2,E01010249,201211NG00492,2,1,1,2,47,8,3,0,0,0,0,0,4,1,
2015-01-22,201520H001795,400330.0,299210.0,-1.996562,52.59069,20,3,1,1,5,08:14,307,E08000030,6,0,6,30,3,4,6,0,0,0,1,1,1,0,0,1,1,E01010268,201211NG00712,1,3,2,1,18,4,2,0,0,1,0,0,9,1,
2015-01-22,201501ZT80025,526370.0,165340.0,-0.185854,51.373063,1,2,2,1,5,07:10,21,E09000029,6,0,6,30,6,4,6,0,0,0,1,1,2,0,0,1,2,E01004149,201201WW50176,2,1,1,1,32,6,3,0,0,0,0,0,4,1,London
2015-01-22,201501ZT80030,525570.0,164710.0,-0.197564,51.367579,1,3,1,1,5,10:15,21,E09000029,6,0,6,30,3,4,6,0,0,0,1,3,3,0,0,1,1,E01004143,201201WW50178,2,1,1,2,35,6,3,0,0,0,0,0,9,1,London
2015-01-22,20151321M1097,418221.0,418161.0,-1.725755,53.659625,13,2,2,1,5,17:03,203,E08000034,6,0,6,30,6,4,6,0,0,0,4,1,2,0,0,1,1,E01011089,201206G059377,2,1,1,2,17,4,3,0,0,0,0,0,1,1,Kirklees
2015-01-22,201543P204015,448527.0,197126.0,-1.29968,51.670819,43,3,2,1,5,17:05,483,E10000025,6,100,6,30,3,4,6,0,0,0,4,1,1,0,0,1,2,E01028698,2012231112012,2,1,1,1,22,5,3,0,0,0,0,0,1,-1,Vale of White Horse
2015-01-22,201501ZT80038,526530.0,167000.0,-0.182966,51.387946,1,3,2,1,5,15:19,21,E09000029,3,217,6,30,6,4,5,0,0,0,1,1,1,0,0,1,2,E01004129,201201WW50183,1,1,1,1,41,7,3,0,0,0,0,0,5,1,London
2015-01-22,201501SX20035,519660.0,193680.0,-0.272603,51.629219,1,3,1,1,5,10:30,30,E09000003,6,0,6,30,8,4,6,0,0,0,1,1,1,0,0,1,1,E01000188,201201PY20710,1,1,3,2,44,7,3,5,3,0,0,2,0,1,London
2015-01-22,201543P207015,451212.0,208480.0,-1.259192,51.772658,43,2,2,1,5,07:24,482,E10000025,6,320,6,20,3,4,6,0,0,0,4,7,2,0,0,1,1,E01028583,2012231116312,1,1,1,2,24,5,3,0,0,0,0,0,9,1,Oxford
2015-01-22,201501SX20039,526670.0,187370.0,-0.173657,51.570979,1,3,2,1,5,07:00,30,E09000003,4,519,6,30,0,-1,-1,0,0,0,4,1,1,0,0,1,1,E01000206,201201PY20719,2,1,1,1,33,6,3,0,0,0,0,0,1,1,London
2015-01-22,201501SX20042,521410.0,188800.0,-0.249021,51.584987,1,2,3,3,5,19:05,30,E09000003,3,5,6,30,3,4,6,0,0,0,4,1,1,0,0,1,1,E01000513,201201PY20728,1,2,2,1,23,5,3,0,0,1,0,0,9,1,London
2015-01-22,201501SX20043,526070.0,191720.0,-0.180748,51.610206,1,3,2,2,5,16:58,30,E09000003,3,598,6,30,6,4,6,0,0,0,4,1,1,0,0,1,1,E01000302,201201PY20728,1,3,2,2,30,6,3,0,0,2,0,0,9,1,London
2015-01-22,201543P209015,442896.0,219154.0,-1.378388,51.869319,43,3,2,2,5,16:30,485,E10000025,3,44,6,50,3,4,4,4437,0,0,1,1,1,0,0,2,1,E01032954,2012231120412,1,1,3,2,10,2,3,10,9,0,0,0,0,1,West Oxfordshire
2015-01-22,2015471500444,561205.0,114913.0,0.291674,50.911177,47,3,1,1,5,08:19,556,E10000011,6,0,6,60,0,-1,-1,0,0,0,1,1,4,0,0,2,1,E01021199,201234WN11331,1,1,3,1,23,5,2,9,5,0,0,0,0,-1,Wealden
2015-01-22,201504WB15019,352480.0,474200.0,-2.729247,54.161395,4,2,1,1,5,23:30,76,E10000017,3,6070,6,60,0,-1,-1,0,0,0,1,2,2,0,0,2,1,E01025130,201201YR90686,1,1,1,1,41,7,3,0,0,0,0,0,9,1,Lancaster
2015-01-22,201550EK2A002,250631.0,53934.0,-4.101585,50.366301,50,3,2,1,5,09:50,583,E06000026,3,379,1,30,1,4,6,0,0,0,1,1,1,0,0,1,1,E01015135,201236T120191,3,2,1,2,50,8,3,0,0,0,0,0,9,2,Plymouth
2015-01-22,201504WD15011,332380.0,447770.0,-3.031126,53.921634,4,2,2,2,5,19:33,85,E10000017,6,0,6,30,6,4,6,0,0,0,4,1,2,0,0,1,1,E01025606,201201ZD30403,1,1,1,2,25,5,3,0,0,0,0,0,9,1,Wyre
2015-01-22,201520S011955,402420.0,279490.0,-1.965847,52.413404,20,3,2,1,5,07:10,300,E08000025,4,4121,6,30,3,2,4,4121,0,0,4,1,1,0,0,1,2,E01009218,2012120084441,1,1,2,1,17,4,3,0,0,1,0,0,9,1,Birmingham
2015-01-22,20151321M0589,451058.0,413675.0,-1.229632,53.61714,13,3,1,1,5,12:25,206,E08000036,3,1,3,70,3,4,3,639,0,0,1,1,2,0,0,2,1,E01011856,201206G059348,2,1,1,1,20,4,3,0,0,0,0,0,5,1,Wakefield
2015-01-22,201520N006205,409450.0,294060.0,-1.862085,52.544313,20,3,2,2,5,17:44,300,E08000025,3,453,3,30,0,-1,-1,0,0,0,4,4,2,0,0,1,1,E01009132,2012120055928,2,1,1,1,50,8,2,0,0,0,0,0,5,1,Birmingham
2015-01-22,201511SK01825,422788.0,525754.0,-1.64856,54.626414,11,3,2,1,5,08:05,169,E06000047,4,6282,6,30,3,4,6,0,0,0,1,1,2,0,0,2,2,E01020801,201205FF03336,1,1,1,2,65,9,3,0,0,0,0,0,9,3,
2015-01-22,2015331500072,448218.0,291809.0,-1.290781,52.522033,33,3,1,1,5,17:00,360,E10000018,4,4114,6,30,3,4,6,6614,0,1,4,1,1,0,0,2,1,E01025664,2012160C00221,1,1,1,1,18,4,3,0,0,0,0,0,9,3,
2015-01-22,201520S013405,403690.0,286410.0,-1.947102,52.475608,20,3,2,1,5,08:20,300,E08000025,4,4125,6,30,8,4,6,0,0,0,1,1,1,0,0,1,1,E01008986,2012120086095,1,1,1,1,59,9,3,0,0,0,0,0,9,1,Birmingham
2015-01-22,201543P220015,449785.0,186607.0,-1.282982,51.576137,43,3,1,1,5,07:20,484,E10000025,6,401,6,60,0,-1,-1,0,0,0,6,1,2,0,0,2,1,E01028648,2012231140712,1,1,3,1,45,7,3,6,9,0,0,0,0,1,South Oxfordshire
2015-01-22,201501XD80053,515930.0,182760.0,-0.330069,51.531855,1,3,1,1,5,17:50,27,E09000009,4,452,6,30,6,2,6,0,0,5,1,1,1,0,0,1,1,E01001349,201201TA00584,1,1,3,1,7,2,2,5,1,0,0,2,0,1,London
2015-01-22,201501CP00013,533320.0,181670.0,-0.079917,51.518225,48,3,2,1,5,16:51,570,E09000001,3,10,6,30,3,2,5,0,0,5,1,1,1,0,0,1,1,E01032739,201197QB06201,2,1,1,1,62,9,3,0,0,0,0,0,9,1,City of London
2015-01-22,20154100B0197,522540.0,217170.0,-0.222753,51.839699,41,3,1,2,5,17:30,438,E10000015,4,656,6,40,0,-1,-1,0,0,8,5,8,1,0,0,1,1,E01023968,2012212000365,1,1,3,2,72,10,3,5,1,0,0,0,0,1,Welwyn Hatfield
2015-01-22,201543W163015,476611.0,172233.0,-0.899057,51.443916,43,3,1,1,5,16:00,475,E06000041,6,7517,6,30,0,-1,-1,0,0,0,1,1,1,0,0,1,1,E01016662,201230C001346,1,1,1,1,57,9,3,0,0,0,0,0,9,1,
2015-01-22,201522E500342,339710.0,272020.0,-2.8864,52.342926,22,2,1,2,5,21:33,285,E06000019,3,4110,6,30,0,-1,-1,0,0,0,6,1,2,0,0,2,1,E01014051,2012130324708,2,2,2,2,61,9,2,0,0,0,0,0,3,1,
2015-01-22,2015350021015,545820.0,258350.0,0.132449,52.204092,35,3,1,1,5,21:25,390,E10000003,3,603,6,30,0,-1,-1,0,0,4,4,1,1,0,0,1,1,E01032797,201220G001972,1,1,1,1,21,5,3,0,0,0,0,0,9,1,Cambridge
2015-01-22,201543W162015,472773.0,170728.0,-0.95458,51.430892,43,3,2,1,5,09:07,472,E06000038,6,7201,6,30,3,4,6,7201,0,0,1,1,2,0,0,1,2,E01016368,201230C001343,1,1,1,2,39,7,3,0,0,0,0,0,9,3,
2015-01-22,201501CP00004,531590.0,181370.0,-0.104948,51.515935,48,3,2,1,5,10:05,570,E09000001,3,201,6,30,3,2,3,4208,0,5,1,1,1,0,0,1,2,E01032740,201197QB05811,2,1,1,1,48,8,3,0,0,0,0,0,9,1,
2015-01-22,201501XD80062,516470.0,181250.0,-0.322786,51.518173,1,3,2,1,5,13:45,27,E09000009,4,452,6,30,3,4,6,0,0,0,1,1,1,0,0,1,1,E01001207,201201TA00592,2,1,1,1,47,8,2,0,0,0,0,0,1,1,London
2015-01-22,201520G001245,391450.0,299720.0,-2.127654,52.595206,20,3,1,1,5,17:23,309,E08000031,3,449,3,40,0,-1,-1,0,0,0,4,1,1,0,0,1,1,E01010528,201211ND17592,1,4,2,1,66,10,3,0,0,0,4,0,11,3,Wolverhampton
2015-01-22,2015051500286,333699.0,391118.0,-2.998927,53.412686,5,3,2,1,5,10:36,91,E08000012,6,0,6,30,0,-1,-1,0,0,0,1,1,1,0,0,1,1,E01033751,201201ZD30804,2,1,1,1,40,7,3,0,0,0,0,0,1,1,Liverpool
2015-01-22,201520G001215,388240.0,296490.0,-2.174926,52.566109,20,3,1,1,5,08:30,309,E08000031,6,0,6,30,6,4,6,0,0,0,1,1,1,0,0,1,1,E01010491,201211ND17592,1,1,2,1,78,11,3,0,0,0,4,0,11,3,Wolverhampton
2015-01-22,201501QK50034,516440.0,186750.0,-0.321401,51.56761,1,3,1,1,5,03:00,28,E09000005,3,404,6,30,0,-1,-1,0,0,0,4,1,1,0,7,1,1,E01000562,201201MM70749,1,1,1,1,44,7,3,0,0,0,0,0,9,1,London
2015-01-22,20154100A0063,547240.0,213560.0,0.133984,51.801304,41,3,2,1,5,06:32,432,E10000015,3,1184,6,40,3,4,6,955,0,0,5,8,2,0,0,1,1,E01023500,201220Z001432,2,1,2,1,37,7,3,0,0,1,0,0,9,1,East Hertfordshire
2015-01-22,201550DE2O004,293490.0,91728.0,-3.510037,50.715391,50,3,2,1,5,07:25,581,E10000008,6,0,6,30,6,2,6,0,0,5,4,1,1,0,0,1,1,E01020013,2012360068189,2,2,1,2,21,5,3,0,0,0,0,0,9,3,Exeter
2015-01-22,201501KG70035,545280.0,185080.0,0.093744,51.545919,1,3,1,1,5,13:10,16,E09000002,3,124,6,30,6,2,5,0,0,5,1,1,1,0,0,1,1,E01000070,201201JC30536,2,1,1,1,35,6,3,0,0,0,0,0,5,1,London
2015-01-22,2015521500905,358918.0,169802.0,-2.592265,51.425727,52,2,1,1,5,07:50,601,E06000023,6,0,6,20,0,-1,-1,0,0,1,7,1,1,0,0,1,1,E01014579,2012400CA0189,2,2,2,2,1,1,2,0,0,2,0,0,9,1,Bristol
2015-01-22,201501RY10049,550630.0,175550.0,0.166774,51.458891,1,2,1,1,5,15:44,18,E09000004,5,0,6,30,3,4,6,0,0,0,1,1,1,0,0,1,1,E01000328,201201PY20315,2,1,1,2,21,5,3,0,0,0,0,0,9,-1,London
2015-01-22,201506F096594,377780.0,401570.0,-2.336521,53.510339,6,3,2,2,5,20:00,107,E08000006,3,6,6,30,3,4,6,0,0,0,4,1,1,0,0,1,1,E01005700,201204BA12067,2,1,1,1,50,8,2,0,0,0,0,0,5,3,Salford
2015-01-22,20151321M0622,420034.0,420458.0,-1.698173,53.680204,13,3,2,1,5,12:49,203,E08000034,6,0,6,30,3,4,6,0,0,0,1,1,1,0,0,1,1,E01011212,201206G059352,2,1,1,2,44,7,3,0,0,0,0,0,9,1,Kirklees
2015-01-22,201523S030076,416935.0,247103.0,-1.754065,52.121985,23,3,4,1,5,18:45,293,E10000031,4,4632,6,50,3,4,6,0,0,0,4,1,4,0,0,2,1,E01031212,2012130477161,2,1,1,1,30,6,3,0,0,0,0,0,9,1,Stratford-on-Avon
2015-01-22,20151321M1220,412121.0,437537.0,-1.817307,53.833951,13,3,2,1,5,18:09,200,E08000032,3,650,1,40,1,4,3,650,0,0,4,1,2,0,0,2,1,E01010596,201206G059470,2,1,1,1,39,7,3,0,0,0,0,0,9,1,Bradford
2015-01-22,201504WB15012,339150.0,441580.0,-2.926824,53.866848,4,3,2,1,5,17:35,85,E10000017,6,0,6,60,0,-1,-1,0,0,0,6,1,2,0,0,2,1,E01025562,201201YR90681,2,1,1,1,26,6,3,0,0,0,0,0,2,1,Wyre
2015-01-22,2015100039015,403298.0,556639.0,-1.950096,54.904461,10,3,3,2,5,22:10,139,E06000048,3,68,6,60,0,-1,-1,0,0,0,6,1,2,0,0,2,1,E01027506,201205AA01685,1,1,1,1,19,4,3,0,0,0,0,0,9,1,