Date,Accident_Index_x,Location_Easting_OSGR,Location_Northing_OSGR,Longitude,Latitude,Police_Force,Accident_Severity,Number_of_Vehicles,Number_of_Casualties,Day_of_Week,Time,Local_Authority_(District),Local_Authority_(Highway),1st_Road_Class,1st_Road_Number,Road_Type,Speed_limit,Junction_Detail,Junction_Control,2nd_Road_Class,2nd_Road_Number,Pedestrian_Crossing-Human_Control,Pedestrian_Crossing-Physical_Facilities,Light_Conditions,Weather_Conditions,Road_Surface_Conditions,Special_Conditions_at_Site,Carriageway_Hazards,Urban_or_Rural_Area,Did_Police_Officer_Attend_Scene_of_Accident,LSOA_of_Accident_Location,Accident_Index_y,Vehicle_Reference,Casualty_Reference,Casualty_Class,Sex_of_Casualty,Age_of_Casualty,Age_Band_of_Casualty,Casualty_Severity,Pedestrian_Location,Pedestrian_Movement,Car_Passenger,Bus_or_Coach_Passenger,Pedestrian_Road_Maintenance_Worker,Casualty_Type,Casualty_Home_Area_Type,city
2015-01-23,2015520500986,367223.0,124542.0,-2.468667,51.019311,52,3,1,1,6,09:20,610,E10000027,4,3145,6,60,0,-1,-1,0,0,0,1,1,4,0,0,2,1,E01029155,2012370467712,2,1,1,1,16,4,3,0,0,0,0,0,2,2,South Somerset
2015-01-23,201537EA87411,612728.0,242142.0,1.100119,52.036854,37,3,2,3,6,13:11,410,E10000029,3,1214,3,40,1,2,3,14,0,0,1,1,1,0,0,2,1,E01029908,201220N037382,2,2,2,1,8,2,3,0,0,1,0,0,9,1,Babergh
2015-01-23,201506K096693,371300.0,408780.0,-2.434893,53.574828,6,3,2,2,6,20:00,100,E08000001,3,676,6,30,3,2,3,676,0,0,4,4,2,0,0,1,1,E01004848,201204CA12042,2,2,1,1,69,10,3,0,0,0,0,0,9,1,Bolton
2015-01-23,20151321N0096,430489.0,424250.0,-1.539524,53.713783,13,3,2,2,6,02:54,204,E08000035,1,1,3,70,0,-1,-1,0,0,0,6,1,2,4,0,2,1,E01011537,201206G059517,1,2,2,1,25,5,3,0,0,2,0,0,9,1,Leeds
2015-01-23,20151321N0194,430098.0,435394.0,-1.544366,53.813965,13,2,2,2,6,07:29,204,E08000035,6,0,6,30,0,-1,-1,0,0,0,1,1,1,0,0,1,1,E01011671,201206G059550,2,2,1,1,53,8,3,0,0,0,0,0,9,1,Leeds
2015-01-23,20151321M1525,434410.0,434387.0,-1.478992,53.804648,13,3,2,1,6,20:44,204,E08000035,3,64,6,30,6,2,6,0,0,4,4,1,1,0,0,1,2,E01011346,201206G059517,1,1,1,1,31,6,3,0,0,0,0,0,9,1,Leeds
2015-01-23,201501BS70024,526940.0,178480.0,-0.172964,51.491026,1,3,2,1,6,15:25,12,E09000020,3,308,6,30,8,4,6,0,0,0,1,1,1,0,0,1,1,E01002914,201197ND01309,1,1,3,1,17,4,3,6,9,0,0,0,0,1,London
2015-01-23,2015520500985,323370.0,124579.0,-3.093788,51.015462,52,3,2,1,6,08:24,608,E10000027,3,38,6,30,8,4,6,0,0,0,1,1,1,0,0,1,1,E01029285,2012370467612,2,1,1,2,42,7,3,0,0,0,0,0,9,1,Somerset West and Taunton
2015-01-23,2015460252274,636030.0,169830.0,1.390317,51.378422,46,3,2,1,6,20:10,541,E10000016,3,255,6,30,0,-1,-1,0,0,0,4,1,4,0,0,1,1,E01024694,201232N189112,1,1,1,1,46,8,3,0,0,0,0,0,5,1,Thanet
2015-01-23,2015160D00801,506149.0,429406.0,-0.391714,53.750223,16,3,2,2,6,12:07,228,E06000010,6,0,6,40,3,4,6,0,0,0,1,1,1,0,0,1,1,E01012776,2012100308112,1,1,1,1,46,8,1,0,0,0,0,0,9,-1,Hull
2015-01-23,201506F096596,377440.0,398330.0,-2.341413,53.481203,6,2,1,1,6,04:24,107,E08000006,4,5230,6,30,3,4,6,0,0,0,4,1,1,0,0,1,1,E01005599,201204BA12068,2,1,1,2,54,8,3,0,0,0,0,0,9,3,Salford
2015-01-23,2015460252268,600750.0,140340.0,0.867564,51.127151,46,3,2,1,6,19:15,530,E10000016,3,2042,1,40,1,4,6,0,0,0,5,1,1,0,0,2,2,E01024006,201232N188412,1,1,1,1,46,8,3,0,0,0,0,0,9,1,Ashford
2015-01-23,201520Z000555,398810.0,288330.0,-2.018956,52.492879,20,3,2,1,6,17:00,305,E08000028,1,5,3,70,0,-1,-1,0,0,0,4,1,2,0,0,1,2,E01010018,2012130010886,2,3,2,1,20,4,3,0,0,2,0,0,9,1,Sandwell
2015-01-23,201501YE80076,534160.0,192410.0,-0.063722,51.614539,1,3,2,2,6,23:30,32,E09000010,3,406,3,40,0,-1,-1,0,0,0,4,8,2,4,0,1,2,E01001558,201201TB01251,1,1,1,1,49,8,2,0,0,0,0,0,1,1,London
2015-01-23,2015520501095,330109.0,135908.0,-2.999928,51.118179,52,3,1,1,6,23:15,607,E10000027,6,0,6,30,0,-1,-1,0,0,0,4,2,2,0,0,1,1,E01029100,2012370469312,1,1,1,1,53,8,3,0,0,0,0,0,9,1,Sedgemoor
2015-01-23,201520L000675,413810.0,276440.0,-1.798518,52.385818,20,3,2,2,6,12:30,306,E08000029,3,34,3,30,0,-1,-1,0,0,0,1,1,1,0,0,2,2,E01010183,201211SK31362,1,1,1,1,66,10,2,0,0,0,0,0,9,1,
2015-01-23,201501RG40029,541520.0,174610.0,0.03536,51.452793,1,3,2,1,6,17:30,6,E09000011,3,205,1,30,1,4,3,210,0,0,4,1,1,0,0,1,1,E01001659,201201PL60535,1,1,1,1,49,8,3,0,0,0,0,0,9,1,London
2015-01-23,201501PY20065,542200.0,167520.0,0.042298,51.388913,1,3,1,1,6,15:57,19,E09000006,5,0,6,30,0,-1,-1,0,0,0,1,1,1,0,0,1,1,E01000661,201201LX50509,1,1,1,1,26,6,3,0,0,0,0,0,1,-1,London
2015-01-23,201543R181015,496303.0,179055.0,-0.613938,51.502237,43,3,2,1,6,21:45,473,E06000039,1,4,7,70,0,-1,-1,0,0,0,4,2,2,0,0,1,2,E01016463,2012233618712,2,1,1,1,35,6,3,0,0,0,0,0,9,1,
2015-01-23,2015460265342,622870.0,137130.0,1.181206,51.090159,46,3,1,1,6,18:50,539,E10000016,3,259,6,30,0,-1,-1,0,0,0,7,1,1,0,0,1,1,E01024518,201234TM80182,1,1,2,1,60,9,1,0,0,1,0,0,9,1,Folkestone and Hythe
2015-01-23,2015331500103,459498.0,307320.0,-1.121771,52.660345,33,3,2,1,6,09:09,364,E06000016,6,2172,6,30,0,-1,-1,0,0,0,1,1,1,0,0,1,1,E01013628,2012160C00411,1,1,1,1,46,8,3,0,0,0,0,0,9,1,Leicester
2015-01-23,2015440025957,464889.0,100444.0,-1.080595,50.799933,44,3,2,1,6,22:12,498,E06000044,6,0,1,30,1,4,6,0,0,0,4,1,1,0,0,1,2,E01017040,201230D000199,1,1,1,1,57,9,3,0,0,0,0,0,9,1,Portsmouth
2015-01-23,20151321N0271,413679.0,435465.0,-1.793725,53.81529,13,3,2,1,6,09:00,200,E08000032,6,0,6,30,0,-1,-1,0,0,0,1,1,4,0,0,1,1,E01010675,201206G059725,1,1,3,2,9,2,3,5,1,0,0,0,0,1,Bradford
2015-01-23,201504SC15016,359780.0,414900.0,-2.609648,53.629074,4,3,2,1,6,07:00,73,E10000017,3,6,6,40,6,2,3,673,0,0,4,1,2,0,0,2,1,E01024973,201201YE80723,1,1,1,1,46,8,3,0,0,0,0,0,9,1,Chorley
2015-01-23,2015440025845,447754.0,140833.0,-1.318424,51.164758,44,2,2,1,6,17:54,502,E10000014,6,0,6,60,0,-1,-1,0,0,0,6,2,2,0,0,2,1,E01023286,201230D000198,1,1,3,1,3,1,3,9,9,0,0,0,0,1,Winchester
2015-01-23,201504SC15017,354610.0,422620.0,-2.688949,53.698034,4,2,2,4,6,15:00,83,E10000017,6,0,6,30,3,4,6,0,0,0,1,2,2,0,0,1,1,E01025431,201201YE80724,1,1,1,2,19,4,3,0,0,0,0,0,9,-1,South Ribble
2015-01-23,2015621500302,307095.0,189963.0,-3.342789,51.600818,62,3,3,2,6,17:38,744,W06000016,3,4058,6,30,1,2,6,0,0,0,4,2,2,0,0,1,1,W01001182,201242I274509,3,1,1,1,21,5,3,0,0,0,0,0,9,2,
2015-01-23,2015521500893,360827.0,173795.0,-2.565253,51.461764,52,3,3,1,6,14:20,601,E06000023,4,4465,6,20,3,4,6,0,0,0,1,1,1,0,0,1,1,E01014653,2012400CA0188,2,1,1,2,30,6,3,0,0,0,0,0,1,2,Bristol
2015-01-23,201520W010285,407450.0,287440.0,-1.891722,52.48483,20,3,1,1,6,14:46,300,E08000025,4,4114,3,30,0,-1,-1,0,0,0,1,1,1,0,0,1,2,E01033617,2012120176970,1,1,3,2,85,11,3,5,1,0,0,0,0,2,Birmingham
2015-01-23,201534WN03695,481343.0,264019.0,-0.809409,52.268323,34,3,1,1,6,10:00,384,E10000021,6,8323,6,30,0,-1,-1,0,0,0,1,1,1,0,0,1,2,E01027174,2012170M12432,2,1,1,2,42,7,3,0,0,0,0,0,9,1,
2015-01-23,201501SX20096,527450.0,193660.0,-0.160125,51.62733,1,3,1,1,6,19:20,30,E09000003,6,0,6,30,8,4,6,0,0,0,4,1,1,0,0,1,1,E01000274,201201QA10015,1,1,1,1,28,6,3,0,0,0,0,0,9,1,London
2015-01-23,201520W010225,403800.0,289070.0,-1.945453,52.499521,20,3,2,2,6,14:00,300,E08000025,6,0,6,30,0,-1,-1,0,0,0,1,1,1,0,0,1,2,E01010063,2012120176743,1,1,1,2,21,5,2,0,0,0,0,0,9,1,Sandwell
2015-01-23,2015440025844,442221.0,111910.0,-1.400911,50.905125,44,2,1,1,6,18:30,500,E06000045,6,0,6,30,6,4,6,0,0,1,4,1,2,0,0,1,1,E01017139,201230D000197,2,4,2,2,-1,-1,3,0,0,2,0,0,9,1,Southampton
2015-01-23,2015440025753,447960.0,126720.0,-1.317349,51.037844,44,3,3,1,6,17:05,502,E10000014,1,3,3,70,0,-1,-1,0,0,0,4,1,1,0,0,2,1,E01023226,201230D000197,2,3,2,2,19,4,3,0,0,2,0,0,9,1,Winchester
2015-01-23,2015440025684,464091.0,152399.0,-1.082744,51.267151,44,3,2,1,6,17:59,490,E10000014,3,3010,1,30,1,4,6,0,0,0,4,1,1,0,0,2,2,E01032847,201230D000197,2,2,1,2,22,5,3,0,0,0,0,0,9,1,Basingstoke and Deane
2015-01-23,201501SX20040,520950.0,189480.0,-0.255423,51.591197,1,3,2,1,6,06:26,30,E09000003,3,5150,6,30,5,4,6,0,0,0,4,1,1,0,0,1,1,E01000148,201201PY20723,1,1,1,2,23,5,3,0,0,0,0,0,9,1,London
2015-01-23,2015440025649,470481.0,137508.0,-0.994087,51.13252,44,3,2,1,6,13:30,497,E10000014,3,31,3,70,1,4,3,32,0,0,1,1,1,0,0,2,1,E01022591,201230D000197,1,1,1,1,51,8,3,0,0,0,0,0,9,1,East Hampshire
2015-01-23,2015540727515,400358.0,171844.0,-1.996239,51.445585,54,3,3,1,6,07:54,635,E06000054,5,394,6,30,0,-1,-1,0,0,0,1,1,2,0,0,1,1,E01031895,20124100D0656,1,1,1,2,24,5,3,0,0,0,0,0,9,1,
2015-01-23,2015540733615,432538.0,172519.0,-1.533146,51.450726,54,3,1,1,6,09:01,635,E06000054,4,4001,6,60,0,-1,-1,0,0,0,1,1,4,0,0,2,1,E01031873,20124100D0658,2,1,1,1,63,9,3,0,0,0,0,0,1,3,
2015-01-23,2015440025646,446014.0,160455.0,-1.34079,51.341326,44,3,1,1,6,15:25,490,E10000014,3,34,3,70,0,-1,-1,0,0,0,1,1,1,0,0,2,1,E01022489,201230D000196,1,1,3,1,46,8,3,5,3,0,0,0,0,1,Basingstoke and Deane
2015-01-23,2015440025617,431799.0,126114.0,-1.547887,51.033514,44,3,1,1,6,16:09,501,E10000014,6,0,6,60,0,-1,-1,0,0,0,6,1,2,0,0,2,1,E01023177,201230D000195,2,1,1,1,24,5,3,0,0,0,0,0,1,1,Test Valley
2015-01-23,2015440025612,465216.0,102197.0,-1.075645,50.815658,44,3,2,1,6,15:20,498,E06000044,6,0,6,20,6,4,6,0,0,0,1,1,1,0,0,1,1,E01017110,201230D000194,1,1,3,1,7,2,3,5,2,0,0,0,0,1,Portsmouth
2015-01-23,2015440025580,450925.0,163177.0,-1.269902,51.365382,44,3,4,3,6,14:28,490,E10000014,3,339,6,50,0,-1,-1,0,0,0,1,1,1,4,0,2,1,E01022522,201230D000193,1,1,1,2,39,7,2,0,0,0,0,0,9,1,Basingstoke and Deane
2015-01-23,2015100040115,426691.0,564807.0,-1.584528,54.977162,10,2,1,1,6,05:10,147,E08000021,6,1221,6,30,3,4,6,1221,0,0,7,9,2,0,0,1,1,E01008303,201205AA01723,2,1,1,1,18,4,3,0,0,0,0,0,3,1,Newcastle upon Tyne
2015-01-23,2015440025403,473129.0,121347.0,-0.959511,50.98689,44,3,1,2,6,11:55,497,E10000014,3,3,3,70,0,-1,-1,0,0,0,1,1,1,0,0,2,1,E01022592,201230D000192,1,1,1,2,36,7,3,0,0,0,0,0,9,1,East Hampshire
2015-01-23,201543R178015,497078.0,179618.0,-0.602621,51.507165,43,3,1,1,6,20:40,473,E06000039,6,7302,2,30,0,-1,-1,0,0,0,4,1,2,0,0,1,2,E01016462,2012233612012,2,1,1,1,42,7,3,0,0,0,0,0,5,1,
2015-01-23,201501VW40029,525870.0,168770.0,-0.191819,51.404,1,3,4,1,6,18:38,22,E09000024,3,24,6,30,0,-1,-1,0,0,0,4,1,2,0,0,1,1,E01003426,201201SX20220,1,1,3,1,1,1,3,9,6,0,0,2,0,1,London
2015-01-23,2015520500981,345276.0,127937.0,-2.782048,51.048162,52,3,1,1,6,17:55,610,E10000027,6,0,6,60,0,-1,-1,0,0,0,6,1,1,0,0,2,1,E01029223,2012370467412,2,2,2,2,60,9,3,0,0,2,0,0,9,-1,South Somerset
2015-01-23,201501RG40062,544740.0,175210.0,0.081915,51.457371,1,3,2,1,6,23:25,6,E09000011,3,2,3,50,5,4,5,0,0,0,4,2,2,0,0,1,1,E01001614,201201PL60554,3,4,2,1,17,4,3,0,0,2,0,0,9,1,London
2015-01-23,2015331500098,445660.0,314247.0,-1.325386,52.723951,33,3,4,1,6,12:40,366,E10000018,6,7304,6,30,8,4,6,6,0,0,1,1,2,0,0,1,1,E01025934,2012160C00361,1,1,1,1,33,6,3,0,0,0,0,0,9,1,North West Leicestershire
2015-01-23,201501RG40146,542500.0,175310.0,0.049737,51.458837,1,3,2,1,6,22:30,6,E09000011,3,208,6,30,3,4,6,0,0,0,4,2,2,0,0,1,1,E01001607,201201PL60615,1,1,3,1,30,6,3,5,3,0,0,2,0,-1,London
2015-01-23,201504SB15014,349420.0,412800.0,-2.765947,53.6093,4,2,1,1,6,21:15,84,E10000017,6,0,6,60,3,4,6,0,0,0,6,1,2,0,0,2,1,E01025511,201201YE80474,1,1,3,2,51,8,3,6,9,0,0,2,0,1,West Lancashire
2015-01-23,201501VW40053,528720.0,168840.0,-0.150843,51.40399,1,3,2,1,6,14:44,22,E09000024,5,0,1,30,1,4,5,0,0,0,1,1,1,0,0,1,2,E01003435,201201SX20244,2,1,1,1,-1,-1,3,0,0,0,0,0,2,-1,London
2015-01-23,2015100045115,399254.0,628507.0,-2.013382,55.550263,10,3,2,1,6,11:50,139,E06000048,3,697,6,40,3,4,4,6525,0,0,1,1,2,0,0,2,1,E01027390,201205AA01851,1,2,2,2,49,8,3,0,0,1,0,0,9,1,
2015-01-23,201501VW40046,529120.0,168230.0,-0.145317,51.398418,1,3,1,1,6,04:19,22,E09000024,4,272,6,30,3,4,4,272,0,0,4,8,4,0,0,1,1,E01003435,201201SX20234,1,1,3,2,3,1,3,4,1,0,0,2,0,1,London
2015-01-23,20151321N0231,448787.0,419420.0,-1.263061,53.668988,13,3,2,2,6,08:15,206,E08000036,3,1,3,70,0,-1,-1,0,0,0,1,1,4,0,0,2,1,E01011849,201206G059609,2,1,2,1,4,1,3,0,0,0,4,0,11,1,Wakefield
2015-01-23,2015521500726,332122.0,161504.0,-2.976031,51.348544,52,3,1,1,6,12:30,605,E06000024,6,0,2,30,6,2,6,0,0,5,1,9,1,0,0,1,2,E01014801,2012400CA0113,2,1,1,2,18,4,3,0,0,0,0,0,9,1,
2015-01-23,2015460252384,637580.0,167970.0,1.411306,51.361081,46,3,2,1,6,08:55,541,E10000016,3,256,6,30,0,-1,-1,0,0,0,1,1,1,0,0,2,2,E01024691,201232N198412,2,1,1,2,39,7,3,0,0,0,0,0,9,1,Thanet
2015-01-23,201501VW40034,525870.0,168690.0,-0.191847,51.403281,1,3,2,1,6,07:40,22,E09000024,3,297,1,30,1,4,3,24,0,0,1,8,4,0,0,1,1,E01003439,201201SX20225,1,1,1,1,39,7,3,0,0,0,0,0,9,1,London
2015-01-23,201501PY20058,545910.0,169780.0,0.096508,51.408279,1,3,2,1,6,14:30,19,E09000006,6,0,6,30,0,-1,-1,0,0,0,1,1,1,0,0,1,2,E01000736,201201LX50502,2,2,1,1,37,7,3,0,0,0,0,0,1,1,London
2015-01-23,2015460252316,603740.0,141510.0,0.910897,51.136603,46,3,2,1,6,14:30,530,E10000016,3,2070,1,30,1,4,3,20,0,0,1,1,1,3,0,2,1,E01024004,201232N193312,2,2,1,2,39,7,3,0,0,0,0,0,9,1,Ashford
2015-01-23,2015160D00251,504954.0,430133.0,-0.409582,53.756996,16,3,2,1,6,20:15,228,E06000010,6,0,6,30,6,4,6,0,0,0,4,1,2,0,0,1,1,E01012803,2012100298612,1,1,3,1,21,5,3,4,3,0,0,0,0,1,Hull
2015-01-23,20151321N0237,422062.0,426184.0,-1.667066,53.731588,13,3,2,1,6,08:10,203,E08000034,3,652,6,30,3,4,6,0,0,0,1,1,2,0,0,1,2,E01011048,201206G059634,2,1,2,1,48,8,3,0,0,2,0,0,9,-1,Kirklees
2015-01-23,2015350005615,554830.0,260100.0,0.264989,52.217358,35,3,2,1,6,16:18,391,E10000003,3,1303,6,60,3,4,6,0,0,0,6,1,2,0,0,2,1,E01018011,2012170S31002,2,1,1,1,30,6,3,0,0,0,0,0,1,2,East Cambridgeshire
2015-01-23,201543R176015,502333.0,178189.0,-0.527344,51.493394,43,3,3,1,6,17:40,473,E06000039,1,4,3,70,0,-1,-1,0,0,0,4,1,2,0,0,2,1,E01016481,2012233604312,2,2,1,1,72,10,3,0,0,0,0,0,9,1,
2015-01-23,201523S030079,412965.0,256368.0,-1.811699,52.205388,23,3,3,1,6,17:25,293,E10000031,3,46,6,60,3,4,6,0,0,0,6,1,1,0,0,2,1,E01031187,2012130477172,1,1,1,2,27,6,3,0,0,0,0,0,9,1,Stratford-on-Avon
2015-01-23,2015300011833,433470.0,336980.0,-1.503543,52.929189,30,3,2,2,6,07:20,323,E06000015,3,38,1,40,1,2,3,52,0,0,4,1,4,0,0,2,1,E01013522,2012130497433,1,1,1,1,42,7,3,0,0,0,0,0,3,1,Derby
2015-01-23,2015300011834,431860.0,334810.0,-1.527704,52.909781,30,3,2,1,6,08:24,323,E06000015,3,38,3,70,0,-1,-1,0,0,0,1,1,2,0,0,1,1,E01013544,2012130497455,2,1,1,1,46,8,3,0,0,0,0,0,9,1,Derby
2015-01-23,2015300011835,440630.0,354810.0,-1.394799,53.088964,30,3,2,1,6,11:55,320,E10000007,3,38,7,60,1,4,3,61,0,0,1,1,2,0,0,2,1,E01019404,2012130497455,2,2,2,2,77,11,3,0,0,1,0,0,9,1,Amber Valley
2015-01-23,201543R177015,486530.0,179995.0,-0.754471,51.512265,43,3,2,1,6,20:45,474,E06000040,2,404,3,70,0,-1,-1,0,0,0,6,2,2,0,7,1,1,E01016534,2012233608012,1,1,3,2,45,7,3,5,1,0,0,0,0,-1,
2015-01-23,2015300011839,437070.0,334220.0,-1.450305,52.904144,30,3,4,2,6,12:13,323,E06000015,5,66,6,30,3,4,6,0,0,0,1,1,1,0,0,1,1,E01033172,2012130497543,2,1,1,1,40,7,3,0,0,0,0,0,9,-1,Derby
2015-01-23,2015300011854,435130.0,333950.0,-1.479176,52.901847,30,2,1,1,6,15:28,323,E06000015,6,0,6,30,0,-1,-1,0,0,0,1,1,2,0,0,1,2,E01013570,2012130497639,2,1,1,1,81,11,3,0,0,0,0,0,9,2,Derby
2015-01-23,2015300011855,437920.0,330210.0,-1.438135,52.86804,30,3,3,3,6,19:35,323,E06000015,3,514,6,30,0,-1,-1,0,0,0,4,2,2,0,0,1,1,E01033170,2012130497898,1,1,1,1,29,6,3,0,0,0,0,0,1,1,Derby
2015-01-23,201520W005885,409520.0,285240.0,-1.861302,52.465021,20,3,1,1,6,15:15,300,E08000025,3,45,3,40,0,-1,-1,0,0,0,1,4,1,0,2,1,2,E01009363,2012120172069,2,2,1,2,51,8,3,0,0,0,0,0,9,2,Birmingham
2015-01-23,201543S130015,483043.0,246518.0,-0.788785,52.110763,43,3,2,1,6,06:10,479,E06000042,1,1,3,70,0,-1,-1,0,0,0,7,1,2,0,0,2,1,E01016802,201230B002572,1,1,1,2,37,7,3,0,0,0,0,0,9,3,
2015-01-23,201543P221015,463735.0,180555.0,-1.082799,51.520327,43,3,2,3,6,19:46,484,E10000025,4,4526,6,40,3,4,4,471,0,0,6,2,2,0,0,2,1,E01028642,2012232061512,2,1,2,2,38,7,3,0,0,1,0,0,9,-1,South Oxfordshire
2015-01-23,201501PL60053,536650.0,175340.0,-0.034402,51.460548,1,3,2,1,6,13:35,7,E09000023,4,218,6,30,3,2,5,0,0,5,1,1,1,0,0,1,1,E01003272,201201KG70143,1,1,3,1,41,7,3,5,3,0,0,2,0,-1,London
2015-01-23,201501XD80054,516440.0,181530.0,-0.323126,51.520696,1,3,2,2,6,18:55,27,E09000009,4,452,6,30,0,-1,-1,0,0,0,4,1,1,0,0,1,1,E01001204,201201TA00585,1,1,3,1,36,7,2,5,1,0,0,2,0,-1,London
2015-01-23,201501PL60056,534880.0,173060.0,-0.060732,51.440483,1,3,2,1,6,22:00,7,E09000023,3,205,6,30,3,4,6,0,0,0,4,2,2,0,0,1,1,E01003257,201201KG70146,1,1,2,1,59,9,3,0,0,0,3,0,11,-1,London
2015-01-23,2015450021396,522729.0,156852.0,-0.241059,51.297576,45,3,2,3,6,11:50,513,E10000030,4,290,6,30,3,4,6,0,0,0,1,1,4,0,0,1,1,E01030637,201231C254212,3,2,1,1,56,9,3,0,0,0,0,0,9,1,Reigate and Banstead
2015-01-23,2015450021397,497425.0,150658.0,-0.605555,51.246785,45,3,1,1,6,22:40,511,E10000030,6,4000,6,30,0,-1,-1,0,2,5,7,2,2,0,0,1,1,E01030496,201231C254312,1,1,3,1,51,8,3,6,9,0,0,0,0,1,
2015-01-23,201543P223015,450935.0,206366.0,-1.263515,51.753678,43,3,2,1,6,14:45,482,E10000025,3,4144,6,20,6,2,3,4144,0,5,1,1,1,0,0,1,2,E01028521,2012232500612,2,2,1,1,27,6,3,0,0,0,0,0,9,3,Oxford
2015-01-23,201506A096957,388070.0,395880.0,-2.181142,53.459532,6,3,2,1,6,15:10,102,E08000003,4,6178,6,30,3,4,6,0,0,8,1,2,2,0,0,1,2,E01005235,201204AM12102,1,1,1,2,23,5,3,0,0,0,0,0,9,1,Manchester
2015-01-23,2015350023715,536370.0,265280.0,-0.00295,52.268774,35,3,2,3,6,17:48,395,E10000003,3,14,3,70,0,-1,-1,0,0,0,6,1,1,0,0,2,1,E01018223,201220G002542,1,1,3,1,13,3,2,5,4,0,0,0,0,1,South Cambridgeshire
2015-01-23,20154100T2009,523596.0,222325.0,-0.205591,51.885792,41,3,4,2,6,08:33,435,E10000015,2,1,3,70,0,-1,-1,0,0,0,1,1,1,0,0,2,1,E01023786,2012212003836,1,1,2,1,21,5,3,0,0,1,0,0,9,1,Stevenage
2015-01-23,201501CP00010,531890.0,181360.0,-0.100631,51.515775,48,3,2,1,6,06:45,570,E09000001,3,40,6,30,3,4,5,0,0,0,4,1,1,0,0,1,1,E01032739,201197QB06105,2,1,1,1,40,7,3,0,0,0,0,0,21,1,
2015-01-23,2015530209237,381349.0,215292.0,-2.272088,51.835922,53,3,2,3,6,22:45,623,E10000013,3,38,3,30,6,2,4,4008,0,4,4,2,4,0,0,1,1,E01022301,20124100B0480,1,1,3,1,12,3,3,5,4,0,0,0,0,-1,Gloucester
2015-01-23,201501CP00008,532160.0,181230.0,-0.09679,51.514544,48,3,1,1,6,16:00,570,E09000001,5,0,6,30,3,2,5,0,0,5,1,1,1,0,0,1,1,E01032739,201197QB06004,1,2,2,1,18,4,3,0,0,1,0,0,9,3,City of London
2015-01-23,201501EO40099,532930.0,184430.0,-0.084494,51.54312,1,3,2,1,6,18:45,3,E09000019,4,102,6,30,6,2,5,0,0,5,4,1,1,0,0,1,2,E01002718,201201CW10124,1,1,3,1,-1,-1,3,5,1,0,0,2,0,-1,London
2015-01-23,201501CP00003,532730.0,181080.0,-0.088637,51.513062,48,3,1,1,6,12:38,570,E09000001,5,0,6,30,0,-1,-1,0,0,5,1,1,1,0,0,1,1,E01032739,201197QB05712,1,1,3,2,40,7,3,5,3,0,0,0,0,1,City of London
2015-01-23,2015530209244,397010.0,210149.0,-2.044753,51.789988,53,2,1,1,6,11:37,621,E10000013,3,417,3,70,0,-1,-1,0,0,0,1,1,1,0,0,2,1,E01022201,20124100B0499,2,3,2,1,-1,-1,3,0,0,2,0,0,9,-1,Cotswold
2015-01-23,201501CP00001,532180.0,181230.0,-0.096502,51.514539,48,3,2,1,6,08:45,570,E09000001,5,0,6,30,3,4,5,0,0,0,1,1,1,0,0,1,1,E01032739,201197QB05611,1,1,3,1,20,4,3,10,3,0,0,0,0,-1,City of London
2015-01-23,201501XH30036,509610.0,181590.0,-0.421508,51.5226,1,3,1,1,6,15:40,26,E09000017,3,4020,6,30,3,2,6,0,0,5,1,1,2,0,0,1,2,E01002508,201201TB00507,1,1,3,1,60,9,3,10,9,0,0,2,0,1,London
2015-01-23,201520G001225,389120.0,300020.0,-2.162061,52.597861,20,3,2,1,6,17:00,309,E08000031,3,41,6,30,6,2,4,4161,0,0,4,8,2,0,0,1,2,E01010547,201211ND17592,1,2,2,2,76,11,3,0,0,0,4,0,11,3,Wolverhampton
2015-01-23,201504WA15026,335190.0,433620.0,-2.985353,53.794834,4,3,2,1,6,09:00,71,E06000009,3,583,3,30,1,4,3,583,0,0,1,1,1,0,0,2,1,E01012714,201201YR90203,2,1,2,2,3,1,3,0,0,2,0,0,9,-1,
2015-01-23,2015051500287,347248.0,395444.0,-2.795841,53.453098,5,3,2,1,6,07:48,92,E08000013,4,5203,6,40,0,-1,-1,0,0,0,1,1,2,0,0,2,1,E01006825,201201ZD30805,1,1,1,1,25,5,3,0,0,0,0,0,9,1,St Helens