Date,Accident_Index_x,Location_Easting_OSGR,Location_Northing_OSGR,Longitude,Latitude,Police_Force,Accident_Severity,Number_of_Vehicles,Number_of_Casualties,Day_of_Week,Time,Local_Authority_(District),Local_Authority_(Highway),1st_Road_Class,1st_Road_Number,Road_Type,Speed_limit,Junction_Detail,Junction_Control,2nd_Road_Class,2nd_Road_Number,Pedestrian_Crossing-Human_Control,Pedestrian_Crossing-Physical_Facilities,Light_Conditions,Weather_Conditions,Road_Surface_Conditions,Special_Conditions_at_Site,Carriageway_Hazards,Urban_or_Rural_Area,Did_Police_Officer_Attend_Scene_of_Accident,LSOA_of_Accident_Location,Accident_Index_y,Vehicle_Reference,Casualty_Reference,Casualty_Class,Sex_of_Casualty,Age_of_Casualty,Age_Band_of_Casualty,Casualty_Severity,Pedestrian_Location,Pedestrian_Movement,Car_Passenger,Bus_or_Coach_Passenger,Pedestrian_Road_Maintenance_Worker,Casualty_Type,Casualty_Home_Area_Type,city
2015-01-23,2015170S40185,442441.0,515387.0,-1.345672,54.531989,17,3,1,1,6,10:15,245,E06000004,6,0,6,30,0,-1,-1,0,0,0,1,1,1,0,0,1,1,E01012270,2012100573612,1,1,3,2,53,8,2,9,9,0,0,0,0,1,
2015-01-23,2015160B00381,505817.0,409796.0,-0.40342,53.574101,16,3,2,1,6,11:55,232,E06000013,6,0,6,30,0,-1,-1,0,0,0,1,1,1,0,0,2,2,E01013270,2012100093812,1,1,1,1,49,8,3,0,0,0,0,0,19,3,
2015-01-23,201501KG70030,544520.0,184480.0,0.082545,51.540723,1,3,2,2,6,10:34,16,E09000002,5,0,6,30,1,2,3,124,0,5,1,1,1,0,0,1,1,E01000007,201201JC30533,1,1,3,1,13,3,3,1,1,0,0,2,0,1,London
2015-01-23,2015405BA0076,505243.0,247893.0,-0.464299,52.119347,40,3,1,1,6,16:00,420,E06000055,3,5134,6,30,3,4,6,0,0,8,1,1,1,0,0,1,1,E01017476,201220T033792,2,2,2,1,14,3,3,0,0,2,0,0,9,1,
2015-01-23,201501PL60084,539790.0,172380.0,0.009599,51.433183,1,3,2,1,6,22:30,7,E09000023,5,0,6,30,6,4,6,0,0,0,4,1,1,0,0,1,2,E01003346,201201KG70166,1,1,1,1,20,4,3,0,0,0,0,0,9,1,London
2015-01-23,2015450022022,528069.0,151368.0,-0.16647,51.247115,45,3,1,1,6,14:50,513,E10000030,6,1242,6,30,3,4,3,23,0,8,1,1,1,0,0,1,1,E01030611,201231D013812,1,2,1,2,18,4,3,0,0,0,0,0,9,2,Reigate and Banstead
2015-01-23,2015471500489,494291.0,108585.0,-0.661393,50.869088,47,3,1,1,6,17:40,559,E10000032,6,0,6,60,0,-1,-1,0,0,0,6,1,2,0,0,2,1,E01031477,201234WN13262,2,1,1,2,64,9,3,0,0,0,0,0,9,1,Chichester
2015-01-23,2015471500488,514182.0,104563.0,-0.380083,50.829352,47,3,1,2,6,08:20,564,E10000032,6,0,6,30,2,4,6,0,0,8,1,1,1,0,0,1,2,E01031799,201234WN13252,2,1,1,2,30,6,3,0,0,0,0,0,9,1,
2015-01-23,2015450022083,486138.0,160272.0,-0.764907,51.335026,45,3,3,4,6,07:56,515,E10000030,3,30,6,40,0,-1,-1,0,0,0,7,1,1,0,0,1,1,E01030793,201231D019312,1,1,1,2,29,6,3,0,0,0,0,0,9,2,Surrey Heath
2015-01-23,2015471500486,573489.0,107142.0,0.462556,50.837803,47,3,2,1,6,15:56,555,E10000011,6,0,6,30,0,-1,-1,0,0,0,1,1,1,0,0,1,1,E01021094,201234WN13222,2,1,1,2,60,9,3,0,0,0,0,0,9,1,Rother
2015-01-23,2015471500480,575310.0,115438.0,0.492366,50.911786,47,2,1,1,6,06:55,555,E10000011,3,2100,6,30,3,4,6,0,0,0,4,1,1,0,0,2,2,E01021084,201234WN13202,2,1,1,2,22,5,3,0,0,0,0,0,9,1,Rother
2015-01-23,2015471500479,530784.0,118902.0,-0.139345,50.954717,47,3,1,2,6,12:57,563,E10000032,4,2036,1,30,1,4,6,0,0,8,1,1,2,0,0,1,1,E01031717,201234WN13192,2,1,1,1,54,8,3,0,0,0,0,0,2,1,Mid Sussex
2015-01-23,2015100053715,434188.0,557136.0,-1.468314,54.907776,10,3,3,3,6,16:34,150,E08000024,3,1231,3,70,0,-1,-1,0,0,0,4,1,2,0,0,2,1,E01008850,201205AA02124,2,3,1,2,23,5,3,0,0,0,0,0,9,1,
2015-01-23,2015471500477,547032.0,135014.0,0.098357,51.09559,47,3,2,2,6,08:30,556,E10000011,4,2110,6,40,8,4,6,0,0,0,1,1,4,0,0,2,1,E01021186,201234WN12872,1,1,3,1,20,4,2,5,3,0,0,0,0,1,Wealden
2015-01-23,2015471500474,533110.0,107484.0,-0.110407,50.851566,47,3,3,1,6,08:50,565,E06000043,3,270,6,30,3,4,6,0,0,0,1,1,1,0,0,1,2,E01016900,201234WN12722,1,1,3,1,-1,-1,3,6,9,0,0,0,0,-1,Brighton
2015-01-23,2015471500471,580049.0,110150.0,0.557103,50.862823,47,3,2,1,6,08:50,552,E10000011,3,2102,6,30,3,4,6,0,0,0,1,1,1,0,0,1,2,E01021012,201234WN12602,2,1,1,1,79,11,2,0,0,0,0,0,1,1,
2015-01-23,2015450022036,512237.0,159460.0,-0.390661,51.32318,45,3,1,1,6,14:34,510,E10000030,3,245,6,40,9,-1,6,0,0,0,1,8,1,0,0,1,1,E01030303,201231D016212,1,1,3,2,34,6,2,4,1,0,0,0,0,1,Elmbridge
2015-01-23,2015450022031,501615.0,151041.0,-0.545435,51.249497,45,2,1,1,6,08:58,511,E10000030,6,4010,6,30,0,-1,-1,0,0,0,1,1,1,0,0,1,1,E01030460,201231D015212,2,1,1,2,-1,-1,3,0,0,0,0,0,9,1,
2015-01-23,2015450022030,535810.0,146851.0,-0.057337,51.204733,45,3,2,3,6,08:34,516,E10000030,6,395,6,40,3,4,3,22,0,0,1,1,4,0,0,2,1,E01030827,201231D015112,1,1,3,1,-1,-1,2,6,9,0,0,0,0,1,
2015-01-23,2015450022024,507454.0,142056.0,-0.464493,51.167665,45,3,1,1,6,12:04,517,E10000030,6,192,6,60,0,-1,-1,0,0,0,1,1,4,0,7,2,1,E01030940,201231D014012,2,1,1,2,33,6,3,0,0,0,0,0,9,1,Waverley
2015-01-23,2015471500475,525182.0,129325.0,-0.21547,51.049641,47,1,1,1,6,00:30,563,E10000032,4,2110,6,60,0,-1,-1,0,0,0,6,1,4,0,0,2,1,E01031692,201234WN12742,2,1,1,1,18,4,2,0,0,0,0,0,3,1,Mid Sussex
2015-01-23,2015350037615,519240.0,297670.0,-0.242314,52.563803,35,3,2,2,6,17:27,394,E06000031,3,15,6,30,3,2,3,605,0,5,4,1,2,0,0,1,1,E01015621,201220G005032,1,1,3,2,25,5,3,5,1,0,0,0,0,1,Peterborough
2015-01-23,2015520500588,291396.0,127875.0,-3.550436,51.039934,52,3,1,1,6,10:15,609,E10000027,4,3222,6,30,0,-1,-1,0,0,0,1,1,1,0,0,2,1,E01029328,2012370459112,2,2,2,2,21,5,3,0,0,1,0,0,9,2,Somerset West and Taunton
2015-01-23,201501VK30035,519710.0,168880.0,-0.280297,51.406321,1,3,2,1,6,09:02,23,E09000021,6,0,6,20,0,-1,-1,0,0,0,1,1,4,0,0,1,1,E01002970,201201RY10357,1,1,1,1,21,5,3,0,0,0,0,0,9,1,London
2015-01-23,20154100G0048,518630.0,229080.0,-0.275385,51.947575,41,3,2,1,6,07:15,433,E10000015,4,656,6,30,3,4,5,136,0,0,1,8,4,0,0,1,2,E01023616,2012212002556,2,2,1,2,25,5,3,0,0,0,0,0,9,1,North Hertfordshire
2015-01-23,20154100G0050,518420.0,230780.0,-0.277854,51.962897,41,3,1,1,6,08:50,433,E10000015,6,476,6,30,0,-1,-1,0,0,0,1,1,1,0,0,1,1,E01023604,2012212002561,2,2,1,2,21,5,3,0,0,0,0,0,9,1,North Hertfordshire
2015-01-23,2015300011858,422740.0,370290.0,-1.660816,53.229168,30,3,2,2,6,14:10,329,E10000007,3,619,6,50,3,4,3,6020,0,0,1,2,2,0,0,2,1,E01019618,2012130497961,1,1,3,1,33,6,3,5,9,0,0,0,0,-1,Derbyshire Dales
2015-01-23,201514K019915,443647.0,380986.0,-1.346185,53.324004,14,3,3,2,6,17:05,215,E08000019,4,6053,6,40,1,4,6,0,0,0,4,1,2,0,0,1,1,E01008027,2012070294167,1,1,1,1,13,3,2,0,0,0,0,0,1,1,Sheffield
2015-01-23,201520S009055,406280.0,281330.0,-1.909064,52.429916,20,3,2,1,6,14:20,300,E08000025,6,0,6,30,6,4,6,0,0,1,1,1,1,0,0,1,2,E01008965,2012120083403,1,1,1,1,37,7,2,0,0,0,0,0,4,1,Birmingham
2015-01-23,201522D500417,405260.0,266790.0,-1.924289,52.29921,22,3,1,1,6,07:52,274,E10000034,6,0,6,30,3,2,6,0,0,5,1,1,4,0,0,1,2,E01032263,2012130297088,2,1,1,1,36,7,3,0,0,0,0,0,3,1,
2015-01-23,201501VK30071,519910.0,166270.0,-0.278304,51.382822,1,3,2,1,6,17:20,23,E09000021,3,240,6,30,3,4,6,0,0,0,4,1,1,0,0,1,1,E01002919,201201RY10380,1,1,3,2,10,2,3,1,1,0,0,2,0,1,London
2015-01-23,201514K018915,437535.0,384777.0,-1.437491,53.358545,14,3,1,1,6,11:00,215,E08000019,6,0,6,20,3,4,5,410,0,0,1,1,1,0,0,1,2,E01008102,2012070294122,2,1,2,2,45,7,2,0,0,1,0,0,9,1,Sheffield
2015-01-23,201501FH10056,523890.0,178660.0,-0.21681,51.493319,1,3,2,1,6,15:38,11,E09000013,3,315,6,30,3,4,6,0,0,4,1,1,1,0,0,1,1,E01001867,201201CW11015,2,1,1,1,31,6,3,0,0,0,0,0,1,1,London
2015-01-23,201501ID60016,507310.0,175770.0,-0.456414,51.47073,1,2,1,2,6,07:10,57,EHEATHROW,6,0,2,30,3,4,6,0,0,0,1,1,1,0,0,1,1,E01002444,201201FH10241,1,1,3,1,30,6,3,5,1,0,0,2,0,-1,London
2015-01-23,201542I028601,586846.0,187174.0,0.69366,51.552508,42,3,1,1,6,21:55,460,E06000033,6,0,6,30,6,2,6,0,0,4,4,1,2,0,0,1,1,E01015860,2012212005685,1,2,1,1,44,7,3,0,0,0,0,0,9,1,Southend-on-Sea
2015-01-23,201514A017515,457249.0,406284.0,-1.137408,53.550076,14,3,1,1,6,16:25,211,E08000017,5,763,6,30,8,4,6,0,0,0,1,2,4,0,0,1,1,E01007508,2012070100646,1,1,1,1,30,6,3,0,0,0,0,0,9,1,Doncaster
2015-01-23,201501TX20038,515280.0,176610.0,-0.341444,51.476714,1,3,1,2,6,08:36,25,E09000018,6,0,6,30,0,-1,-1,0,0,0,1,1,1,0,0,1,1,E01002680,201201RG40220,1,1,1,1,17,4,3,0,0,0,0,0,9,1,London
2015-01-23,201501EK40049,529870.0,182430.0,-0.129331,51.525858,1,3,1,2,6,20:42,2,E09000007,3,4200,6,30,3,4,6,0,0,1,4,1,1,0,0,1,1,E01000852,201201BS70299,1,1,3,2,66,10,3,4,1,0,0,2,0,1,London
2015-01-23,201506J096810,389650.0,389000.0,-2.157118,53.397725,6,3,1,1,6,19:22,109,E08000007,5,0,3,30,0,-1,-1,0,0,0,4,5,1,0,0,1,2,E01005760,201204BC12042,2,4,2,1,30,6,3,0,0,0,4,0,11,1,
2015-01-23,201506J096998,388860.0,392730.0,-2.169132,53.431236,6,3,2,1,6,23:40,109,E08000007,4,5169,6,30,6,4,5,0,0,4,4,2,2,0,0,1,1,E01005920,201204BC12042,2,5,2,2,19,4,3,0,0,0,4,0,11,1,
2015-01-23,201501EK40048,529190.0,183560.0,-0.138714,51.536169,1,3,2,1,6,20:45,2,E09000007,5,0,6,30,6,2,6,0,0,5,4,1,2,0,0,1,1,E01000947,201201BS70298,1,1,1,1,34,6,3,0,0,0,0,0,1,-1,London
2015-01-23,201501VK30017,519090.0,169510.0,-0.288995,51.412114,1,3,2,1,6,00:01,23,E09000021,3,238,6,30,3,4,6,0,0,0,4,1,1,0,0,1,1,E01002972,201201RY10342,2,1,1,2,20,4,3,0,0,0,0,0,9,1,London
2015-01-23,201506G096713,392620.0,396750.0,-2.112637,53.467436,6,3,2,1,6,19:19,110,E08000008,4,6169,6,30,3,4,6,0,0,0,4,2,2,0,0,1,1,E01005965,201204BB12048,2,1,2,2,75,10,3,0,0,0,4,0,11,1,Tameside
2015-01-23,201520K001585,401740.0,289830.0,-1.975794,52.506363,20,3,2,2,6,13:10,305,E08000028,3,4168,1,30,1,4,6,0,0,0,1,1,2,0,0,1,1,E01010047,201211SJ00022,1,1,1,1,26,6,2,0,0,0,0,0,9,1,Sandwell
2015-01-23,201504SA15185,355180.0,429690.0,-2.681344,53.761624,4,3,2,2,6,13:30,79,E10000017,6,0,6,30,3,4,6,0,0,0,1,1,1,0,0,1,1,E01025247,201201YE80074,2,2,1,1,57,9,3,0,0,0,0,0,9,1,Preston
2015-01-23,2015610003615,331942.0,196678.0,-2.985415,51.664741,61,3,1,1,6,11:45,732,W06000021,6,0,6,60,0,-1,-1,0,0,0,1,1,4,0,0,2,1,W01001565,201242I200207,2,1,1,2,23,5,3,0,0,0,0,0,9,3,
2015-01-23,201563CP00615,206680.0,215190.0,-4.805223,51.801846,63,3,1,1,6,05:43,752,W06000009,6,0,6,60,0,-1,-1,0,0,0,6,1,1,0,0,2,1,W01000585,201243N138052,2,1,1,1,52,8,3,0,0,0,0,0,9,3,
2015-01-23,201543P345015,435531.0,209902.0,-1.486298,51.786655,43,3,2,1,6,17:00,485,E10000025,6,410,6,30,7,4,6,0,0,1,4,1,1,0,0,1,2,E01028807,2012232660112,2,1,1,1,18,4,3,0,0,0,0,0,3,1,West Oxfordshire
2015-01-23,201542I019601,570100.0,207166.0,0.462081,51.737389,42,3,2,1,6,10:30,454,E10000012,3,1060,6,30,3,2,3,1060,0,0,1,1,1,0,0,1,2,E01021575,2012212005533,2,1,1,2,22,5,3,0,0,0,0,0,9,2,Chelmsford
2015-01-23,201537EA87330,615905.0,244816.0,1.148052,52.059632,37,3,2,1,6,19:30,412,E10000029,3,1156,1,30,1,4,3,1156,0,0,4,1,1,0,0,1,1,E01033125,201220N034552,3,1,1,1,57,9,3,0,0,0,0,0,19,1,
2015-01-23,201542I025901,570762.0,211507.0,0.473789,51.776181,42,3,1,1,6,01:42,454,E10000012,4,1008,6,40,0,-1,-1,0,0,0,7,1,1,0,0,1,1,E01021541,2012212005622,2,1,2,1,23,5,3,0,0,1,0,0,9,1,Chelmsford
2015-01-23,2015030000901,319440.0,471640.0,-3.234454,54.134265,3,3,4,2,6,22:07,61,E10000006,6,0,6,30,0,-1,-1,0,0,0,4,8,2,0,0,2,1,E01019165,201201WW50809,2,1,1,1,53,8,2,0,0,0,0,0,1,1,
2015-01-23,201501GD10068,533690.0,183010.0,-0.07408,51.53018,1,3,2,1,6,07:30,4,E09000012,3,1208,6,30,3,4,5,0,0,1,1,1,4,0,0,1,1,E01004318,201201CW11706,1,1,2,1,67,10,3,0,0,0,3,0,11,1,London
2015-01-23,201542I021901,567743.0,186325.0,0.417994,51.55088,42,3,2,5,6,19:55,462,E06000034,4,1007,6,60,3,4,6,0,0,0,6,1,2,0,0,2,1,E01015978,2012212005576,1,1,3,1,11,3,3,8,5,0,0,0,0,1,
2015-01-23,201501GD10064,533070.0,183080.0,-0.082986,51.530955,1,3,2,1,6,19:18,4,E09000012,5,0,6,30,6,4,5,0,0,1,4,8,1,0,0,1,1,E01001784,201201CW11701,1,1,1,1,68,10,3,0,0,0,0,0,8,1,London
2015-01-23,201543P212015,426539.0,205435.0,-1.616994,51.746989,43,3,2,3,6,17:35,485,E10000025,4,4020,6,60,3,4,4,4477,0,0,6,1,1,0,0,2,1,E01028762,2012231127412,2,2,1,2,36,7,3,0,0,0,0,0,9,1,West Oxfordshire
2015-01-23,2015331500185,452412.0,302583.0,-1.227275,52.618495,33,3,2,1,6,07:55,360,E10000018,6,3533,6,30,3,4,6,3552,0,0,4,8,4,0,0,1,1,E01025632,2012160C01011,2,1,1,1,39,7,3,0,0,0,0,0,1,1,
2015-01-23,201542I021801,559467.0,193469.0,0.301977,51.61746,42,3,2,1,6,11:41,452,E10000012,4,186,6,30,9,4,6,0,0,1,1,1,2,0,0,1,1,E01021436,2012212005568,1,1,1,1,20,4,3,0,0,0,0,0,3,1,Brentwood
2015-01-23,201501GD10076,535840.0,185140.0,-0.042283,51.548808,1,3,1,1,6,17:15,4,E09000012,5,0,6,30,3,4,3,102,0,4,4,1,1,0,0,1,1,E01001733,201201CW11712,2,1,2,1,24,5,3,0,0,2,0,0,9,1,London
2015-01-23,201542I024301,585814.0,228695.0,0.700948,51.925756,42,3,1,1,6,08:55,451,E10000012,6,0,6,30,0,-1,-1,0,0,0,1,1,1,0,0,2,2,E01021408,2012212005600,2,1,1,1,50,8,3,0,0,0,0,0,1,3,
2015-01-23,201542I024401,619567.0,218634.0,1.184679,51.823163,42,3,2,1,6,19:15,461,E10000012,6,0,6,30,0,-1,-1,0,0,0,7,1,1,0,0,2,2,E01021984,2012212005601,1,1,2,2,-1,-1,3,0,0,1,0,0,9,-1,
2015-01-23,201542I021201,578003.0,184965.0,0.565134,51.535523,42,3,3,1,6,07:23,453,E10000012,4,1014,6,40,0,-1,-1,0,0,0,7,1,2,0,0,2,1,E01021503,2012212005564,1,1,2,1,34,6,3,0,0,1,0,0,8,-1,Castle Point
2015-01-23,2015320004230,492013.0,373383.0,-0.62243,53.249497,32,2,2,2,6,16:44,353,E10000019,5,108,6,60,0,-1,-1,0,0,0,6,1,2,0,0,2,1,E01026225,201214K221912,2,3,2,2,22,5,3,0,0,1,0,0,9,1,North Kesteven
2015-01-23,201501GD10077,536270.0,185240.0,-0.036046,51.549603,1,3,2,1,6,09:00,4,E09000012,6,0,6,30,3,4,4,112,0,1,1,1,2,0,0,1,1,E01001847,201201CW11713,1,1,1,1,30,6,3,0,0,0,0,0,1,1,London
2015-01-23,201543P210015,447282.0,195209.0,-1.317941,51.65369,43,3,2,1,6,23:11,483,E10000025,3,34,3,70,0,-1,-1,0,0,0,6,1,1,4,2,2,1,E01028714,2012231122812,2,1,2,1,35,6,3,0,0,2,0,0,9,1,Vale of White Horse
2015-01-23,201542I020801,584103.0,238009.0,0.681084,52.009972,42,3,1,1,6,06:00,451,E10000012,6,0,6,60,0,-1,-1,0,0,0,6,1,2,0,0,2,1,E01021406,2012212005561,1,1,1,1,37,7,3,0,0,0,0,0,90,1,
2015-01-23,2015610017415,314719.0,193978.0,-3.233719,51.638117,61,3,3,1,6,16:35,731,W06000018,3,472,6,30,0,-1,-1,0,0,0,1,2,2,0,0,1,1,W01001369,201242I211307,2,1,1,1,57,9,3,0,0,0,0,0,9,1,
2015-01-23,201537EA87258,629097.0,233580.0,1.332638,51.953491,37,1,1,1,6,13:50,415,E10000029,3,154,6,30,8,4,6,0,0,0,1,1,1,0,0,1,1,E01030170,201220N031752,2,1,1,1,52,8,3,0,0,0,0,0,9,1,
2015-01-23,201514K027315,434853.0,396272.0,-1.476521,53.462047,14,2,2,5,6,19:50,215,E08000019,4,113,6,30,3,4,6,0,0,0,4,2,2,0,0,1,1,E01007890,2012070296968,2,1,1,2,31,6,3,0,0,0,0,0,9,1,Sheffield
2015-01-23,201514K029115,434308.0,384191.0,-1.486039,53.353497,14,3,1,1,6,20:02,215,E08000019,3,621,6,30,3,4,6,0,0,0,4,5,2,0,0,1,1,E01008046,2012070297246,2,1,1,1,49,8,2,0,0,0,0,0,1,1,Sheffield
2015-01-23,201542I025301,574771.0,193687.0,0.522919,51.614878,42,3,2,1,6,07:25,450,E10000012,6,0,6,30,8,4,6,0,0,0,1,1,4,0,0,1,2,E01021334,2012212005611,1,2,3,2,2,1,3,5,2,0,0,0,0,1,
2015-01-23,201542I020401,580227.0,240350.0,0.625905,52.032268,42,2,2,1,6,13:52,451,E10000012,6,0,6,60,0,-1,-1,0,0,0,1,1,4,0,0,2,1,E01021406,2012212005555,2,1,1,1,22,5,3,0,0,0,0,0,3,1,
2015-01-23,201542I020201,567962.0,189060.0,0.422456,51.575384,42,2,1,1,6,19:12,450,E10000012,6,0,3,40,3,4,6,0,0,4,4,1,1,0,0,1,1,E01021290,2012212005553,2,1,1,1,42,7,3,0,0,0,0,0,9,1,
2015-01-23,201537EA87270,592780.0,265577.0,0.822966,52.254579,37,2,2,2,6,08:38,413,E10000029,6,0,6,60,6,4,6,0,0,0,1,1,4,0,0,2,1,E01030084,201220N031822,2,2,1,2,52,8,3,0,0,0,0,0,9,1,Mid Suffolk
2015-01-23,201501GD10037,536160.0,185850.0,-0.037396,51.555111,1,3,1,1,6,18:30,4,E09000012,6,0,6,30,3,4,6,0,0,0,4,1,1,0,0,1,1,E01001788,201201CW11674,1,1,1,1,47,8,3,0,0,0,0,0,5,1,London
2015-01-23,201542I024501,561520.0,178663.0,0.324812,51.483858,42,3,2,1,6,20:48,462,E06000034,6,0,1,30,2,4,6,0,0,0,4,1,2,0,0,1,1,E01015959,2012212005602,2,1,1,2,28,6,3,0,0,0,0,0,9,1,
2015-01-23,201504EF15027,385820.0,421820.0,-2.216217,53.69263,4,3,1,1,6,15:15,82,E10000017,6,0,6,30,0,-1,-1,0,0,1,1,1,2,0,0,1,1,E01025370,201201XH30202,1,1,1,2,24,5,3,0,0,0,0,0,9,1,Rossendale
2015-01-23,201542I029701,546255.0,198302.0,0.113304,51.66447,42,3,4,2,6,09:50,456,E10000012,1,11,3,70,0,-1,-1,0,0,0,1,1,1,0,3,2,1,E01021804,2012212005719,1,1,1,1,88,11,3,0,0,0,0,0,9,1,Epping Forest
2015-01-23,2015331500388,458550.0,304963.0,-1.136203,52.639262,33,3,1,1,6,23:55,364,E06000016,3,594,3,30,6,2,5,1023,0,5,4,2,2,0,0,1,1,E01013607,2012160C02251,1,1,1,2,80,11,3,0,0,0,0,0,9,1,Leicester
2015-01-23,2015075021358,338964.0,368161.0,-2.915305,53.206996,7,3,2,1,6,21:20,130,E06000050,6,0,6,30,3,4,6,0,0,0,4,2,2,0,0,1,1,E01018312,201204DL12089,2,1,1,1,52,8,3,0,0,0,0,0,1,1,Chester
2015-01-23,2015075021316,369037.0,354765.0,-2.463768,53.089193,7,2,1,1,6,20:15,129,E06000049,5,524,6,30,3,4,6,0,0,1,4,5,2,0,0,1,1,E01018496,201204DL12088,2,1,1,1,26,6,3,0,0,0,0,0,9,3,
2015-01-23,2015075021185,354030.0,381034.0,-2.691618,53.324219,7,3,1,1,6,09:50,124,E06000006,6,0,6,30,3,4,6,0,0,0,1,1,1,0,0,1,2,E01012407,201204DL12087,1,1,1,1,7,2,3,0,0,0,0,0,1,1,
2015-01-23,201501LX50049,531600.0,178300.0,-0.105948,51.488344,1,3,2,1,6,19:00,9,E09000022,3,3,6,30,3,2,5,0,0,5,4,1,1,0,0,1,1,E01003108,201201JI40355,1,2,3,2,26,6,3,6,9,0,0,2,0,1,London
2015-01-23,201543P197015,453880.0,214583.0,-1.219582,51.827275,43,3,1,1,6,16:07,481,E10000025,6,318,6,60,0,-1,-1,0,0,0,1,1,2,0,0,2,1,E01028502,2012231099212,2,2,1,1,36,7,3,0,0,0,0,0,9,2,Cherwell
2015-01-23,201543P196015,459104.0,221246.0,-1.142651,51.886648,43,3,2,1,6,08:26,481,E10000025,3,41,1,60,1,4,4,4100,0,0,1,1,1,0,0,2,1,E01028464,2012231099212,1,1,1,1,17,4,3,0,0,0,0,0,9,3,Cherwell
2015-01-23,201501WW50108,527380.0,175380.0,-0.167747,51.463067,1,3,1,1,6,21:00,10,E09000032,5,0,6,30,0,-1,-1,0,0,0,4,1,1,0,0,1,2,E01004551,201201SX20748,1,1,1,2,46,8,3,0,0,0,0,0,9,1,London
2015-01-23,201543P219015,447368.0,216355.0,-1.313824,51.843795,43,3,1,1,6,18:15,481,E10000025,6,265,6,60,0,-1,-1,0,0,0,6,2,2,7,0,2,2,E01028488,2012231135912,3,5,2,1,38,7,3,0,0,1,0,0,9,1,Cherwell
2015-01-23,2015075021166,366103.0,389282.0,-2.51126,53.399268,7,3,2,1,6,17:00,128,E06000007,1,6,3,70,0,-1,-1,0,0,0,1,1,2,0,0,1,1,E01012551,201204DL12086,1,1,3,1,49,8,3,1,3,0,0,0,0,1,
2015-01-23,201504SA15042,357950.0,432870.0,-2.639764,53.790436,4,3,3,1,6,11:30,79,E10000017,6,0,6,40,0,-1,-1,0,0,0,1,1,1,0,0,1,1,E01025234,201201XH30810,2,1,1,1,23,5,3,0,0,0,0,0,4,2,Preston
2015-01-23,2015075020976,370322.0,357368.0,-2.444823,53.112663,7,3,2,1,6,14:20,129,E06000049,4,5076,6,30,3,4,5,502,0,0,1,1,2,0,0,1,2,E01018479,201204DL12085,1,1,3,1,15,3,2,5,1,0,0,0,0,1,
2015-01-23,201542I039901,544082.0,196270.0,0.08107,51.646773,42,3,2,1,6,14:00,456,E10000012,6,0,1,30,1,4,6,0,0,0,1,1,1,0,0,1,1,E01021776,2012212005886,1,2,2,1,2,1,3,0,0,2,0,0,9,1,Epping Forest
2015-01-23,201504WB15014,349570.0,464620.0,-2.772205,54.075025,4,2,2,2,6,17:35,76,E10000017,1,6,3,70,0,-1,-1,0,0,0,6,2,2,4,0,2,1,E01025108,201201YR90683,1,1,1,2,39,7,3,0,0,0,0,0,9,1,Lancaster
2015-01-23,2015075020975,374427.0,366409.0,-2.384224,53.194144,7,3,6,1,6,14:21,129,E06000049,1,6,3,70,0,-1,-1,0,0,0,1,8,2,0,0,2,1,E01018722,201204DL12084,2,1,1,1,5,1,3,0,0,0,0,0,1,1,
2015-01-23,2015051500241,336238.0,387923.0,-2.960089,53.384285,5,3,2,2,6,18:10,91,E08000012,6,0,6,20,6,4,6,0,0,0,4,2,2,0,0,1,1,E01006678,201201ZD30777,1,1,1,2,53,8,3,0,0,0,0,0,9,1,Liverpool
2015-01-23,2015051500242,322748.0,389963.0,-3.163361,53.400815,5,2,2,1,6,18:55,95,E08000015,3,553,6,30,3,4,6,0,0,0,4,2,2,0,0,1,1,E01007200,201201ZD30778,1,1,3,1,11,3,3,4,1,0,0,2,0,1,
2015-01-23,201501LX50067,529520.0,170210.0,-0.138848,51.41612,1,2,1,1,6,21:27,9,E09000022,4,272,6,30,3,4,6,0,0,0,7,1,1,0,0,1,1,E01003139,201201JI40361,1,1,1,1,39,7,3,0,0,0,0,0,5,1,London
2015-01-23,2015051500243,331736.0,403738.0,-3.031201,53.525851,5,3,2,1,6,22:11,93,E08000014,3,565,3,60,6,2,6,0,0,0,1,1,2,0,0,2,1,E01007076,201201ZD30779,1,1,1,1,26,6,3,0,0,0,0,0,3,1,