Date,Accident_Index_x,Location_Easting_OSGR,Location_Northing_OSGR,Longitude,Latitude,Police_Force,Accident_Severity,Number_of_Vehicles,Number_of_Casualties,Day_of_Week,Time,Local_Authority_(District),Local_Authority_(Highway),1st_Road_Class,1st_Road_Number,Road_Type,Speed_limit,Junction_Detail,Junction_Control,2nd_Road_Class,2nd_Road_Number,Pedestrian_Crossing-Human_Control,Pedestrian_Crossing-Physical_Facilities,Light_Conditions,Weather_Conditions,Road_Surface_Conditions,Special_Conditions_at_Site,Carriageway_Hazards,Urban_or_Rural_Area,Did_Police_Officer_Attend_Scene_of_Accident,LSOA_of_Accident_Location,Accident_Index_y,Vehicle_Reference,Casualty_Reference,Casualty_Class,Sex_of_Casualty,Age_of_Casualty,Age_Band_of_Casualty,Casualty_Severity,Pedestrian_Location,Pedestrian_Movement,Car_Passenger,Bus_or_Coach_Passenger,Pedestrian_Road_Maintenance_Worker,Casualty_Type,Casualty_Home_Area_Type,city
2015-01-24,2015450022047,500867.0,158045.0,-0.554174,51.312588,45,3,1,1,7,08:25,518,E10000030,6,3708,6,30,0,-1,-1,0,0,0,1,1,4,0,0,1,1,E01030990,201231D016512,2,2,1,2,19,4,3,0,0,0,0,0,9,3,
2015-01-24,2015450022048,536308.0,160754.0,-0.044918,51.329555,45,3,2,1,7,12:55,516,E10000030,5,217,6,40,8,4,-1,-1,0,0,1,1,2,0,0,2,1,E01030852,201231D017112,2,1,1,2,48,8,3,0,0,0,0,0,9,3,
2015-01-24,201504WA15038,343560.0,429350.0,-2.857523,53.757437,4,2,2,1,7,12:20,74,E10000017,3,584,3,50,3,4,6,0,0,0,1,1,2,0,0,2,1,E01024998,201201YR90213,2,2,1,2,49,8,3,0,0,0,0,0,9,1,Fylde
2015-01-24,2015030000179,322970.0,481160.0,-3.18288,54.220349,3,3,1,1,7,09:20,65,E10000006,3,595,6,50,3,4,6,0,0,0,1,1,2,0,0,2,1,E01019345,201201WW50554,1,1,1,2,46,8,3,0,0,0,0,0,1,1,South Lakeland
2015-01-24,2015471500518,544501.0,101296.0,0.048872,50.793225,47,3,2,1,7,19:55,554,E10000011,3,259,3,30,3,4,6,0,0,4,4,1,1,0,0,1,1,E01021049,201234WN15042,2,1,1,1,17,4,2,0,0,0,0,0,4,1,Lewes
2015-01-24,2015471500511,528527.0,108057.0,-0.175276,50.857752,47,3,2,1,7,14:25,565,E06000043,3,2038,1,30,1,4,3,27,0,0,1,1,1,0,0,2,1,E01016885,201234WN14402,1,1,1,2,32,6,3,0,0,0,0,0,19,1,
2015-01-24,201501JI40054,546270.0,187900.0,0.109182,51.571002,1,3,3,1,7,17:33,14,E09000026,6,0,6,30,3,4,6,0,0,0,1,1,1,0,0,1,1,E01003771,201201GD10307,1,1,3,1,17,4,3,4,3,0,0,2,0,1,London
2015-01-24,2015160A00191,526342.0,406052.0,-0.095135,53.535931,16,3,1,1,7,17:45,233,E06000012,6,0,6,30,8,4,6,0,0,0,4,1,1,0,0,1,1,E01013192,2012100019912,3,1,1,2,45,7,3,0,0,0,0,0,9,1,
2015-01-24,201501JI40072,543990.0,186740.0,0.075832,51.561165,1,3,2,1,7,14:00,14,E09000026,6,0,6,30,3,4,6,0,0,1,1,9,1,0,0,1,1,E01003783,201201GD10320,1,1,1,1,37,7,2,0,0,0,0,0,1,1,London
2015-01-24,201501JI40073,540860.0,189880.0,0.031967,51.59017,1,3,2,1,7,18:45,14,E09000026,3,113,6,30,3,4,6,0,0,1,4,1,1,0,0,1,1,E01003764,201201GD10321,1,1,1,1,28,6,3,0,0,0,0,0,3,1,London
2015-01-24,2015331500417,461651.0,312839.0,-1.088912,52.709713,33,2,1,4,7,22:01,362,E10000018,3,46,3,70,5,4,3,607,0,0,6,1,2,0,0,2,1,E01025769,2012160C02451,3,3,1,2,43,7,3,0,0,0,0,0,9,1,Charnwood
2015-01-24,20154100K0035,535870.0,208980.0,-0.032594,51.763025,41,3,1,3,7,22:05,430,E10000015,3,10,7,70,0,-1,-1,0,0,0,6,1,2,0,0,2,1,E01023322,2012212003404,2,1,3,2,40,7,2,8,9,0,0,0,0,1,
2015-01-24,2015331500367,476575.0,323459.0,-0.865581,52.803261,33,2,2,1,7,14:43,365,E10000018,6,8605,6,60,8,4,6,6,0,0,1,1,1,0,0,2,1,E01025911,2012160C02141,1,1,3,1,24,5,2,9,8,0,0,0,0,1,Melton
2015-01-24,2015331500359,454689.0,302040.0,-1.193736,52.61339,33,2,3,1,7,13:45,360,E10000018,6,3258,6,30,0,-1,-1,0,0,0,1,1,1,6,0,1,1,E01025669,2012160C02101,2,2,1,1,21,5,3,0,0,0,0,0,9,1,
2015-01-24,201543N187015,493670.0,220623.0,-0.640716,51.876319,43,3,3,3,7,10:21,476,E10000002,6,1467,6,30,0,-1,-1,0,0,0,1,8,4,0,0,2,1,E01017652,201222F203125,2,1,1,1,16,4,3,0,0,0,0,0,1,3,
2015-01-24,2015610003515,332964.0,188159.0,-2.969007,51.588279,61,2,2,5,7,20:05,733,W06000022,4,4237,6,30,3,4,6,0,0,0,4,1,1,0,0,1,1,W01001613,201242I200107,2,2,1,1,31,6,3,0,0,0,0,0,9,1,Newport
2015-01-24,201543N207015,496617.0,198735.0,-0.604004,51.67908,43,3,1,1,7,14:15,478,E10000002,6,408,6,30,0,-1,-1,0,0,0,1,1,1,0,0,1,2,E01017742,201222F203730,2,2,1,1,53,8,3,0,0,0,0,0,9,-1,
2015-01-24,2015610005115,315490.0,191054.0,-3.221874,51.611949,61,3,1,1,7,11:35,731,W06000018,3,469,3,60,0,-1,-1,0,0,0,1,1,1,0,0,2,1,W01001340,201242I201607,1,1,1,2,55,8,3,0,0,0,0,0,9,3,
2015-01-24,20154100J0046,519110.0,196420.0,-0.279614,51.65396,41,3,2,1,7,10:40,33,E10000015,5,85,6,30,2,4,4,5378,0,4,1,1,2,0,0,1,1,E01023532,2012212003014,1,3,1,1,53,8,3,0,0,0,0,0,20,1,Hertsmere
2015-01-24,20154100J0042,517620.0,194860.0,-0.301666,51.640253,41,3,2,1,7,09:00,33,E10000015,3,5183,6,30,8,4,-1,-1,0,0,1,1,2,0,0,1,1,E01023564,2012212003012,1,2,1,1,32,6,3,0,0,0,0,0,9,1,Hertsmere
2015-01-24,201514K030015,437179.0,386122.0,-1.442683,53.37066,14,3,2,1,7,21:15,215,E08000019,3,6135,6,30,0,-1,-1,0,0,0,4,1,1,0,0,1,1,E01007881,2012070297663,2,1,1,1,57,9,3,0,0,0,0,0,9,3,Sheffield
2015-01-24,201550EL2L003,247259.0,59163.0,-4.151089,50.412427,50,2,1,2,7,09:10,583,E06000026,6,0,6,30,6,2,6,0,0,0,1,1,1,0,0,1,1,E01015089,2012370028412,1,1,1,2,27,6,3,0,0,0,0,0,9,1,Plymouth
2015-01-24,201550EL2L004,247279.0,58714.0,-4.150625,50.408397,50,2,1,2,7,02:33,583,E06000026,6,0,6,30,0,-1,-1,0,0,0,1,1,1,0,0,1,1,E01015089,2012370029312,2,1,2,1,37,7,3,0,0,1,0,0,9,1,Plymouth
2015-01-24,201501VK30031,518230.0,169960.0,-0.301205,51.416338,1,3,1,1,7,03:50,23,E09000021,3,307,6,30,3,4,6,0,0,0,4,2,2,0,0,1,1,E01033569,201201RY10353,1,1,3,1,6,2,3,6,9,0,0,2,0,-1,London
2015-01-24,201511ND01425,423374.0,539733.0,-1.63837,54.752009,11,3,2,2,7,23:40,169,E06000047,6,0,6,30,3,4,5,154,0,0,4,1,2,0,0,2,1,E01020688,201205EE04037,2,1,1,2,53,8,3,0,0,0,0,0,9,-1,
2015-01-24,201501JI40049,543350.0,186250.0,0.066406,51.556925,1,3,2,1,7,23:23,14,E09000026,3,118,6,30,6,2,6,0,0,5,4,1,2,0,0,1,1,E01003728,201201GD10304,1,1,1,2,42,7,3,0,0,0,0,0,1,1,London
2015-01-24,201501RY10051,549670.0,175760.0,0.153055,51.461032,1,3,2,2,7,11:45,18,E09000004,3,220,6,30,3,2,5,0,0,5,1,1,1,0,0,1,1,E01000327,201201PY20317,1,1,1,2,18,4,3,0,0,0,0,0,9,1,London
2015-01-24,2015160B00171,479489.0,404456.0,-0.802271,53.530758,16,3,1,1,7,08:07,232,E06000013,6,0,6,60,0,-1,-1,0,0,0,1,1,4,0,0,2,1,E01013244,2012100091212,2,2,2,2,9,2,3,0,0,2,0,0,9,-1,
2015-01-24,2015521503335,357398.0,167557.0,-2.613855,51.40543,52,3,2,1,7,21:20,601,E06000023,6,0,6,30,8,4,6,0,0,0,4,1,1,0,0,1,1,E01014597,2012400CA1126,1,1,1,1,31,6,3,0,0,0,0,0,9,1,Bristol
2015-01-24,2015471500508,493898.0,101315.0,-0.668837,50.803794,47,2,2,2,7,11:02,558,E10000032,3,259,6,40,8,4,6,0,0,0,1,1,1,0,0,1,1,E01031402,201234WN13852,1,1,3,2,12,3,3,8,3,0,0,0,0,-1,Arun
2015-01-24,2015471500507,503518.0,101992.0,-0.532172,50.808243,47,3,2,1,7,09:47,558,E10000032,6,0,1,30,1,4,6,0,0,8,1,1,1,0,0,1,1,E01031400,201234WN13622,1,1,1,2,25,5,3,0,0,0,0,0,9,1,Arun
2015-01-24,2015471500506,530327.0,137324.0,-0.139227,51.120388,47,3,1,1,7,09:15,560,E10000032,1,23,3,70,0,-1,-1,0,0,0,1,1,2,0,0,2,1,E01031593,201234WN13592,2,1,1,2,47,8,3,0,0,0,0,0,9,-1,
2015-01-24,2015471500504,526718.0,106899.0,-0.201365,50.847743,47,2,2,1,7,08:01,565,E06000043,6,0,6,30,2,4,6,0,0,0,1,1,2,0,0,1,1,E01016887,201234WN13562,1,1,3,2,43,7,3,6,9,0,0,0,0,1,
2015-01-24,201501QK50046,523590.0,182910.0,-0.21964,51.53158,1,3,2,2,7,13:25,28,E09000005,4,451,6,30,3,4,6,0,0,0,1,1,1,0,0,1,2,E01000579,201201MM70756,1,1,1,1,48,8,2,0,0,0,0,0,1,-1,London
2015-01-24,201531D029215,458261.0,338123.0,-1.13458,52.937351,31,3,2,1,7,08:55,347,E10000024,3,60,3,30,3,2,3,6520,0,5,1,1,1,0,0,1,1,E01028416,201214K077312,2,1,1,2,20,4,3,0,0,0,0,0,1,1,City of Nottingham
2015-01-24,201501XH30055,506060.0,180250.0,-0.473059,51.511233,1,3,2,1,7,12:30,26,E09000017,5,0,6,30,3,4,5,0,0,0,1,1,1,0,0,1,2,E01002554,201201TB00524,1,1,3,2,36,7,2,5,1,0,0,2,0,1,London
2015-01-24,201550DE2W002,296978.0,88213.0,-3.459667,50.684422,50,2,2,1,7,18:06,581,E10000008,6,0,6,30,3,4,6,0,0,0,4,1,1,0,0,1,1,E01020033,2012360068355,1,1,3,1,22,5,3,4,3,0,0,0,0,1,Exeter
2015-01-24,201520G001755,394650.0,299690.0,-2.080413,52.594978,20,3,2,1,7,12:05,309,E08000031,6,0,6,30,1,4,3,4124,0,0,1,8,2,0,0,1,2,E01010564,201211ND19722,2,2,2,2,19,4,3,0,0,2,0,0,9,1,Wolverhampton
2015-01-24,2015471500512,508702.0,125995.0,-0.45148,51.02306,47,3,1,1,7,13:30,562,E10000032,4,2133,1,30,1,4,3,272,0,0,1,1,1,0,0,2,1,E01031615,201234WN14502,1,1,3,2,34,6,2,1,9,0,0,0,0,-1,Horsham
2015-01-24,2015530209246,385752.0,213952.0,-2.208132,51.824004,53,3,2,1,7,12:05,624,E10000013,4,4073,6,40,0,-1,-1,0,0,0,1,1,1,0,0,2,1,E01022412,20124100B0505,2,1,1,1,57,9,3,0,0,0,0,0,9,1,
2015-01-24,201560S012534,300996.0,381265.0,-3.487685,53.319023,60,3,2,1,7,13:00,723,W06000004,3,525,6,30,0,-1,-1,0,0,0,1,8,1,0,0,1,2,W01000240,201242I098904,2,4,2,1,3,1,3,0,0,2,0,0,9,-1,
2015-01-24,20154100T3008,502695.0,193515.0,-0.517659,51.631084,41,3,2,1,7,12:10,436,E10000015,1,25,3,70,0,-1,-1,0,0,0,1,1,1,0,0,2,2,E01023835,2012212003924,1,1,1,2,64,9,3,0,0,0,0,0,9,2,Three Rivers
2015-01-24,2015350021515,567230.0,257120.0,0.444859,52.18697,35,2,1,1,7,08:00,391,E10000003,5,229,6,60,0,-1,-1,0,0,0,1,1,4,0,0,2,1,E01018023,201220G002072,1,1,3,2,30,6,3,1,3,0,0,0,0,1,East Cambridgeshire
2015-01-24,20154100T2012,523890.0,221350.0,-0.201672,51.876965,41,3,4,1,7,10:52,433,E10000015,2,1,3,70,0,-1,-1,0,0,0,1,1,2,0,0,2,1,E01023629,2012212003841,1,1,1,1,42,7,3,0,0,0,0,0,5,1,North Hertfordshire
2015-01-24,20154100T2011,522341.0,226486.0,-0.222341,51.923461,41,3,3,2,7,06:55,435,E10000015,2,1,3,70,0,-1,-1,0,0,0,6,1,2,0,0,2,1,E01023795,2012212003836,1,2,1,1,22,5,3,0,0,0,0,0,9,1,Stevenage
2015-01-24,2015350021615,551510.0,250780.0,0.212272,52.134552,35,3,1,1,7,01:12,395,E10000003,3,1307,3,60,0,-1,-1,0,0,0,6,2,2,0,0,2,1,E01018289,201220G002092,1,1,1,1,32,6,2,0,0,0,0,0,9,-1,South Cambridgeshire
2015-01-24,20154100T1009,508975.0,216305.0,-0.419834,51.834734,41,3,1,1,7,12:18,431,E10000015,1,1,3,70,0,-1,-1,0,0,0,1,1,1,0,0,2,1,E01023430,2012212003717,3,3,1,2,21,5,3,0,0,0,0,0,9,1,Dacorum
2015-01-24,201501RY10029,549980.0,176460.0,0.15781,51.467239,1,3,2,1,7,09:36,18,E09000004,3,220,6,30,0,-1,-1,0,0,0,1,2,2,0,7,1,1,E01000355,201201PY20297,1,1,1,1,41,7,3,0,0,0,0,0,2,1,London
2015-01-24,201501RY10032,549520.0,173600.0,0.149985,51.441663,1,3,1,1,7,23:35,18,E09000004,3,222,6,30,0,-1,-1,0,0,0,4,1,1,0,0,1,1,E01000447,201201PY20300,2,1,1,1,31,6,3,0,0,0,0,0,19,1,London
2015-01-24,2015530209245,388555.0,216680.0,-2.167554,51.848597,53,2,1,1,7,11:25,625,E10000013,5,380,6,30,6,2,5,380,0,5,1,1,1,0,0,1,1,E01022423,20124100B0499,2,4,2,1,-1,-1,3,0,0,2,0,0,9,-1,
2015-01-24,2015030000182,340090.0,558010.0,-2.936053,54.913185,3,3,2,1,7,07:30,62,E10000006,6,0,6,30,9,4,6,0,0,0,7,1,4,0,0,1,2,E01019244,201201WW50558,1,1,1,1,31,6,3,0,0,0,0,0,1,1,Carlisle
2015-01-24,2015450021376,509064.0,140681.0,-0.441891,51.155001,45,3,2,1,7,21:30,517,E10000030,4,2127,6,30,3,4,6,0,0,0,6,1,2,0,0,2,1,E01030880,201231C253012,2,1,1,1,53,8,3,0,0,0,0,0,3,1,Waverley
2015-01-24,2015555999115,393250.0,99050.0,-2.09713,50.790977,55,3,2,1,7,11:08,647,E10000009,3,31,6,60,0,-1,-1,0,0,0,1,1,1,0,0,2,1,E01020410,201242I066403,2,1,1,2,26,6,3,0,0,0,0,0,9,1,
2015-01-24,2015555997734,407222.0,91717.0,-1.899049,50.725031,55,3,2,1,7,09:40,640,E06000028,6,0,6,30,3,4,6,0,0,0,1,1,2,0,0,1,1,E01033288,201242I039501,1,1,3,1,67,10,3,5,3,0,0,2,0,1,
2015-01-24,2015555997745,412849.0,92647.0,-1.819298,50.733298,55,3,2,1,7,15:10,640,E06000028,3,35,6,30,3,4,6,0,0,0,1,1,1,0,0,1,1,E01015318,201242I039701,1,2,2,2,20,4,3,0,0,2,0,0,9,3,
2015-01-24,2015555997749,409276.0,92424.0,-1.869932,50.73136,55,3,2,1,7,12:30,640,E06000028,5,308,6,30,8,4,6,0,0,0,1,1,1,0,0,1,2,E01015328,201242I039802,1,1,1,1,35,6,3,0,0,0,0,0,9,1,
2015-01-24,2015350017215,543970.0,244550.0,0.099557,52.080593,35,1,2,2,7,01:03,395,E10000003,3,505,6,60,0,-1,-1,0,0,0,6,1,2,0,0,2,1,E01018302,201220G000972,2,1,1,2,30,6,3,0,0,0,0,0,9,1,South Cambridgeshire
2015-01-24,201501RG40034,542260.0,172800.0,0.045276,51.436343,1,3,1,1,7,00:55,19,E09000006,3,208,6,30,3,4,3,208,0,1,4,1,2,0,0,1,1,E01001597,201201PL60538,1,1,2,2,51,8,3,0,0,0,3,0,11,1,London
2015-01-24,2015160D00271,511213.0,430731.0,-0.314477,53.761072,16,3,3,1,7,23:00,228,E06000010,6,0,6,30,0,-1,-1,0,0,0,4,1,1,0,0,1,1,E01012807,2012100299412,2,1,1,1,20,4,3,0,0,0,0,0,9,2,Hull
2015-01-24,2015160D00261,508067.0,428673.0,-0.362896,53.743244,16,3,2,2,7,14:20,228,E06000010,3,1105,6,30,3,4,6,0,0,0,1,1,1,0,0,1,1,E01012891,2012100299112,1,1,1,2,42,7,3,0,0,0,0,0,9,1,Hull
2015-01-24,2015440027109,470638.0,108811.0,-0.99742,50.87449,44,3,1,1,7,22:25,495,E10000014,6,0,6,30,0,-1,-1,0,0,0,4,1,1,0,0,2,1,E01022967,201230D000210,1,1,1,1,22,5,3,0,0,0,0,0,9,1,
2015-01-24,2015440027033,446409.0,144654.0,-1.337166,51.199224,44,1,2,4,7,17:30,490,E10000014,3,34,3,70,0,-1,-1,0,0,0,6,1,1,0,0,2,1,E01022564,201230D000209,1,1,3,2,38,7,3,6,9,0,0,0,0,1,Basingstoke and Deane
2015-01-24,2015440026866,442957.0,104846.0,-1.391272,50.841552,44,3,3,1,7,16:25,496,E10000014,3,326,6,40,8,4,6,0,0,0,6,1,1,0,0,1,1,E01023027,201230D000208,1,1,1,2,19,4,3,0,0,0,0,0,2,1,New Forest
2015-01-24,2015440026826,442889.0,119088.0,-1.390568,50.969619,44,2,1,1,7,14:20,491,E10000014,6,0,6,30,1,4,6,0,0,4,1,1,1,0,0,1,1,E01022663,201230D000207,1,1,1,1,20,4,3,0,0,0,0,0,9,1,Eastleigh
2015-01-24,2015440026737,442586.0,113320.0,-1.395556,50.917777,44,3,2,2,7,15:15,500,E06000045,3,335,6,30,8,4,6,0,0,4,1,1,1,0,0,1,1,E01017159,201230D000206,1,2,3,2,22,5,3,5,3,0,0,0,0,1,Southampton
2015-01-24,2015440026604,447890.0,130073.0,-1.317904,51.067999,44,2,2,2,7,13:04,502,E10000014,4,3420,6,30,3,4,4,3045,0,0,1,1,1,0,0,1,1,E01023252,201230D000206,1,1,3,2,9,2,3,5,3,0,0,0,0,1,Winchester
2015-01-24,201501VW40028,529350.0,167630.0,-0.142232,51.392973,1,3,4,1,7,10:43,22,E09000024,3,236,6,30,0,-1,-1,0,0,0,1,1,1,0,0,1,1,E01003375,201201SX20219,1,1,1,1,22,5,3,0,0,0,0,0,9,1,London
2015-01-24,2015440026588,472159.0,101683.0,-0.977208,50.810214,44,3,2,1,7,13:20,495,E10000014,3,3023,6,40,0,-1,-1,0,0,0,1,1,1,0,0,2,1,E01022944,201230D000205,2,1,1,1,49,8,3,0,0,0,0,0,5,1,
2015-01-24,2015440026550,467954.0,152666.0,-1.027332,51.269105,44,3,2,2,7,11:00,490,E10000014,3,30,3,70,3,4,6,0,0,0,1,1,2,0,0,2,1,E01022467,201230D000204,2,1,1,1,45,7,3,0,0,0,0,0,9,1,Basingstoke and Deane
2015-01-24,2015440026526,476947.0,153945.0,-0.898175,51.279462,44,2,1,1,7,09:30,494,E10000014,6,0,6,60,0,-1,-1,0,0,0,1,1,2,0,0,2,1,E01022887,201230D000203,1,1,1,2,66,10,3,0,0,0,0,0,1,1,Hart
2015-01-24,2015440026434,482214.0,155666.0,-0.822282,51.294199,44,3,2,4,7,09:15,494,E10000014,6,0,6,40,3,4,6,0,0,8,1,1,1,0,0,2,1,E01022867,201230D000202,1,2,2,2,-1,-1,3,0,0,1,0,0,9,3,Hart
2015-01-24,2015440026419,480234.0,148732.0,-0.852226,51.232144,44,3,2,1,7,09:00,494,E10000014,6,0,6,60,0,-1,-1,0,0,0,1,1,4,0,0,2,1,E01022856,201230D000202,1,1,1,1,25,5,3,0,0,0,0,0,9,1,Hart
2015-01-24,2015555997730,412005.0,94829.0,-1.831187,50.752938,55,3,2,1,7,08:50,640,E06000028,6,0,6,30,3,4,6,0,0,0,1,1,2,0,0,1,1,E01015338,201242I039402,1,1,1,1,60,9,2,0,0,0,0,0,9,1,
2015-01-24,2015350010515,531660.0,271330.0,-0.069569,52.324281,35,1,2,1,7,10:05,393,E10000003,5,303,6,30,3,4,6,0,0,8,1,1,2,0,0,1,1,E01018168,2012170S40872,3,2,1,1,34,6,3,0,0,0,0,0,1,1,Huntingdonshire
2015-01-24,201501YE80057,532070.0,194650.0,-0.093046,51.635162,1,2,2,1,7,08:50,32,E09000010,3,105,6,30,0,-1,-1,0,0,0,1,1,2,0,0,1,2,E01001402,201201TB01237,1,1,3,1,56,9,2,5,1,0,0,2,0,1,London
2015-01-24,2015350008015,547580.0,250200.0,0.154644,52.130404,35,3,2,2,7,13:00,395,E10000003,3,1301,6,60,0,-1,-1,0,0,0,1,1,1,0,0,2,1,E01018280,2012170S33172,1,1,1,2,46,8,2,0,0,0,0,0,3,1,South Cambridgeshire
2015-01-24,201501WW50076,528030.0,171550.0,-0.159779,51.428501,1,3,2,1,7,13:25,10,E09000032,5,0,6,30,6,4,6,0,0,0,1,1,1,0,0,1,1,E01004533,201201SX20725,2,1,1,1,53,8,3,0,0,0,0,0,9,3,London
2015-01-24,2015540850915,416185.0,188800.0,-1.767731,51.597815,54,3,1,1,7,17:20,633,E06000030,3,419,3,70,0,-1,-1,0,0,0,4,1,1,0,7,1,2,E01015556,20124100D0709,1,1,3,2,41,7,3,6,9,0,0,0,0,1,
2015-01-24,2015540824215,390926.0,173528.0,-2.132,51.460652,54,3,2,1,7,16:50,635,E06000054,6,0,6,30,0,-1,-1,0,0,0,1,1,1,0,0,1,2,E01031926,20124100D0702,1,1,3,1,-1,-1,3,5,3,0,0,0,0,-1,
2015-01-24,2015541074215,412847.0,196632.0,-1.815637,51.668319,54,3,1,1,7,11:27,635,E06000054,5,116,6,60,0,-1,-1,0,0,0,1,1,1,0,0,2,1,E01031935,20124100D0790,1,1,1,1,23,5,3,0,0,0,0,0,9,1,
2015-01-24,2015540771615,415071.0,185513.0,-1.783954,51.568291,54,3,2,2,7,13:55,633,E06000030,4,4289,1,40,1,4,5,404,0,4,1,1,2,0,0,1,1,E01015582,20124100D0676,1,2,2,2,9,2,3,0,0,1,0,0,9,1,
2015-01-24,2015540770915,421199.0,199071.0,-1.694726,51.689997,54,3,1,1,7,13:11,633,E06000030,3,361,6,40,0,-1,-1,0,0,0,1,1,2,0,0,2,1,E01015523,20124100D0676,1,1,1,2,45,7,3,0,0,0,0,0,9,1,
2015-01-24,201531C015315,456947.0,341372.0,-1.153559,52.966694,31,2,2,1,7,23:07,346,E06000018,3,60,6,30,3,4,6,0,0,4,4,1,2,0,0,1,1,E01013941,201214C041812,1,1,3,1,34,6,2,5,1,0,0,0,0,1,City of Nottingham
2015-01-24,2015540766215,381402.0,185997.0,-2.269747,51.572531,54,3,2,2,7,09:00,635,E06000054,5,68,6,60,0,-1,-1,0,0,0,1,1,4,0,0,2,1,E01031957,20124100D0675,2,1,2,1,6,2,3,0,0,2,0,0,9,1,
2015-01-24,201520W009445,408650.0,286050.0,-1.874087,52.472317,20,2,1,1,7,16:53,300,E08000025,3,45,3,40,0,-1,-1,0,0,0,4,1,1,0,0,1,1,E01009379,2012120175429,2,1,1,2,33,6,3,0,0,0,0,0,1,1,Birmingham
2015-01-24,2015440026403,462661.0,129650.0,-1.107194,51.062776,44,3,1,1,7,09:00,502,E10000014,6,0,6,60,0,-1,-1,0,0,0,1,1,4,0,0,2,1,E01023225,201230D000201,2,1,1,1,42,7,2,0,0,0,0,0,1,1,Winchester
2015-01-24,201534WN01555,479576.0,261320.0,-0.835932,52.244321,34,3,2,2,7,16:50,384,E10000021,6,8503,1,30,1,4,3,43,0,0,4,1,1,0,0,2,3,E01027140,2012170M12092,3,3,2,2,11,3,3,0,0,1,0,0,9,1,
2015-01-24,2015170H10075,449373.0,531632.0,-1.235834,54.677339,17,3,3,1,7,12:15,240,E06000001,6,0,6,30,0,-1,-1,0,0,0,1,1,2,0,0,2,1,E01011983,2012100416712,1,1,3,2,2,1,3,8,1,0,0,0,0,2,
2015-01-24,201520W012895,403950.0,289660.0,-1.943237,52.504824,20,2,1,1,7,21:40,300,E08000025,3,41,6,30,8,4,4,4136,0,0,4,1,1,0,0,1,1,E01009274,2012120179218,2,1,1,2,38,7,3,0,0,0,0,0,9,1,Birmingham
2015-01-24,2015160D00571,508195.0,431145.0,-0.360091,53.765426,16,3,2,1,7,13:30,228,E06000010,6,0,6,30,0,-1,-1,0,0,0,1,1,1,0,0,1,2,E01012870,2012100304612,2,1,1,2,61,9,3,0,0,0,0,0,9,1,Hull
2015-01-24,201531B018515,478878.0,352181.0,-0.824455,53.061065,31,3,2,2,7,18:21,345,E10000024,6,0,6,30,3,4,6,0,0,0,4,1,2,0,0,1,1,E01028309,201214B058512,1,1,1,1,20,4,3,0,0,0,0,0,9,1,Newark and Sherwood
2015-01-24,201531B016915,469117.0,357678.0,-0.968898,53.111819,31,3,3,1,7,10:27,345,E10000024,3,617,6,60,0,-1,-1,0,0,0,1,1,1,0,0,2,1,E01028329,201214B058312,1,1,3,1,3,1,3,5,2,0,0,0,0,1,Newark and Sherwood
2015-01-24,201531D009215,450897.0,326715.0,-1.245919,52.835556,31,3,1,2,7,08:53,347,E10000024,6,0,6,60,0,-1,-1,0,0,0,1,1,4,0,0,2,1,E01028408,201214K068412,2,5,2,2,30,6,3,0,0,2,0,0,9,1,Rushcliffe
2015-01-24,201531B009415,478840.0,356986.0,-0.823845,53.104254,31,3,2,1,7,12:11,345,E10000024,3,616,1,30,2,4,4,6325,0,0,1,1,1,0,0,2,1,E01028336,201214B055512,1,1,1,2,28,6,3,0,0,0,0,0,9,1,Newark and Sherwood
2015-01-24,201506L097082,354890.0,405680.0,-2.682248,53.545808,6,3,2,1,7,14:29,114,E08000010,5,0,6,30,3,4,6,0,0,0,1,9,1,0,0,1,2,E01006397,201204CA12230,1,1,1,2,37,7,3,0,0,0,0,0,9,2,
2015-01-24,201550BE2I001,228707.0,57847.0,-4.411364,50.395484,50,3,1,1,7,08:45,596,E06000052,3,387,6,60,0,-1,-1,0,0,0,1,1,1,0,0,2,2,E01018759,2012360066420,1,3,1,2,18,4,2,0,0,0,0,0,9,1,
2015-01-24,201531C009615,456297.0,336483.0,-1.164083,52.922819,31,3,1,1,7,06:20,346,E06000018,3,52,3,50,9,4,3,453,0,0,4,1,2,0,0,2,1,E01013902,201214C037912,1,3,2,2,17,4,3,0,0,2,0,0,9,1,City of Nottingham